,document,Flesch.Kincaid,Dale.Chall,ELF,FOG.NRI,
1,ABANY,10.97833333,31.60666667,9,1.86,1
2,ABDEFECT,12.18714286,24.32285714,9,3.26,1
3,ABFELEGL,NA,NA,NA,NA,
4,ABHELP1,NA,NA,NA,NA,
5,ABHELP2,NA,NA,NA,NA,
6,ABHELP3,NA,NA,NA,NA,
7,ABHELP4,NA,NA,NA,NA,
8,ABHLTH,13.73259259,17.22185185,10,3.495,1
9,ABINSPAY,NA,NA,NA,NA,
10,ABMEDGOV1,NA,NA,NA,NA,
11,ABMEDGOV2,NA,NA,NA,NA,
12,ABMELEGL,NA,NA,NA,NA,
13,ABMORAL,NA,NA,NA,NA,
14,ABNOMORE,11.54740741,31.29592593,9,2.685,1
15,ABPOOR,14.20333333,27.46666667,13,3.9,1
16,ABPOORW,NA,NA,NA,NA,
17,ABRAPE,11.152,20.15,9,2.125,1
18,ABSINGLE,11.58896552,30.88655172,8,3.285,1
19,ABSTATE1,NA,NA,NA,NA,
20,ABSTATE2,NA,NA,NA,NA,
21,ACQNTSEX,NA,NA,NA,NA,
22,ACTSSOC,NA,NA,NA,NA,
23,ADMINCONSENT,NA,NA,NA,NA,
24,ADULTS,NA,NA,NA,NA,
25,ADVFRONT,NA,NA,NA,NA,
26,AFFRMACT,NA,NA,NA,NA,
27,AFRAIDOF,4.456923077,55.03,3,0.32,1
28,AFTERLIF,NA,NA,NA,NA,
29,AGE,NA,NA,NA,NA,
30,AGED,NA,NA,NA,NA,
31,AGEKDBRN,NA,NA,NA,NA,
32,ANCESTRS,NA,NA,NA,NA,
33,ARTHRTIS,NA,NA,NA,NA,
34,ASTROLGY,NA,NA,NA,NA,
35,ASTROSCI,NA,NA,NA,NA,
36,ATHEISTS,NA,NA,NA,NA,
37,ATTEND,9.054285714,45.59857143,4,-1.115,1
38,ATTEND12,NA,NA,NA,NA,
39,ATTENDMA,NA,NA,NA,NA,
40,ATTENDPA,NA,NA,NA,NA,
41,AWAY1,NA,NA,NA,NA,
42,AWAY11,NA,NA,NA,NA,
43,AWAY2,NA,NA,NA,NA,
44,AWAY3,NA,NA,NA,NA,
45,AWAY4,NA,NA,NA,NA,
46,AWAY5,NA,NA,NA,NA,
47,AWAY6,NA,NA,NA,NA,
48,AWAY7,NA,NA,NA,NA,
49,BABIES,NA,NA,NA,NA,
50,BACKPAIN,NA,NA,NA,NA,
51,BALLOT,NA,NA,NA,NA,
52,BALNEG,NA,NA,NA,NA,
53,BALPOS,NA,NA,NA,NA,
54,BEFAIR,NA,NA,NA,NA,
55,BETRLANG,3.997142857,45.59857143,2,-1.185,1
56,BIBLE,7.57,40.76857143,6,-0.38,1
57,BIGBANG,NA,NA,NA,NA,
58,BIGBANG1,NA,NA,NA,NA,
59,BIGBANG2,NA,NA,NA,NA,
60,BIRD,NA,NA,NA,NA,
61,BIRDB4,NA,NA,NA,NA,
62,BORN,NA,NA,NA,NA,
63,BOYORGRL,NA,NA,NA,NA,
64,BREAKDWN,NA,NA,NA,NA,
65,BUDDHSTS,NA,NA,NA,NA,
66,BUYESOP,NA,NA,NA,NA,
67,BUYVALUE,NA,NA,NA,NA,
68,CANTRUST,NA,NA,NA,NA,
69,CAPPUN,8.541538462,33.10692308,6,-0.395,1
70,CAT,NA,NA,NA,NA,
71,CATB4,NA,NA,NA,NA,
72,CHARACTR,NA,NA,NA,NA,
73,CHEMGEN,NA,NA,NA,NA,
74,CHILDS,6.277,47.775,4.5,0.3125,1
75,CHLDIDEL,5.993333333,53.65,4,-0.225,1
76,CHRISTNS,NA,NA,NA,NA,
77,CHURHPOW,NA,NA,NA,NA,
78,CLASS,11.55235294,37.74588235,6,4.28,1
79,CLERGVTE,NA,NA,NA,NA,
80,CLOSETO1,NA,NA,NA,NA,
81,CLOSETO2,NA,NA,NA,NA,
82,CLOSETO3,NA,NA,NA,NA,
83,CLOSETO4,NA,NA,NA,NA,
84,CLOSETO5,NA,NA,NA,NA,
85,CNTCTFAM,NA,NA,NA,NA,
86,CNTCTFRD,NA,NA,NA,NA,
87,CNTCTKID,NA,NA,NA,NA,
88,CNTCTPAR,NA,NA,NA,NA,
89,CNTCTSIB,NA,NA,NA,NA,
90,CODEG,NA,NA,NA,NA,
91,CODEN,NA,NA,NA,NA,
92,COEDUC,NA,NA,NA,NA,
93,COEVWORK,NA,NA,NA,NA,
94,COFUND,NA,NA,NA,NA,
95,COHORT,NA,NA,NA,NA,
96,COHRS1,NA,NA,NA,NA,
97,COHRS2,NA,NA,NA,NA,
98,COIND10,NA,NA,NA,NA,
99,COISCO08,NA,NA,NA,NA,
100,COJew,NA,NA,NA,NA,
101,COLATH,7.566666667,47.31666667,4,-0.225,1
102,COLCOM,2.375769231,59.515,2,-1.0775,1
103,COLDEG1,NA,NA,NA,NA,
104,COLHOMO,7.566666667,47.31666667,4,-0.225,1
105,COLMIL,7.566666667,47.31666667,4,-0.225,1
106,COLMSLM,7.566666667,47.31666667,4,-0.225,1
107,COLRAC,7.566666667,47.31666667,4,-0.225,1
108,COLSCI,NA,NA,NA,NA,
109,COLSCINM,NA,NA,NA,NA,
110,COMFORT,NA,NA,NA,NA,
111,COMPANY,NA,NA,NA,NA,
112,COMPPERF,NA,NA,NA,NA,
113,COMPREND,NA,NA,NA,NA,
114,COMPUSE,9.0875,35.1475,5,0.26,1
115,COMPWAGE,NA,NA,NA,NA,
116,CONARMY,NA,NA,NA,NA,
117,CONBIZ,NA,NA,NA,NA,
118,CONBUS,NA,NA,NA,NA,
119,CONCHURH,NA,NA,NA,NA,
120,CONCLERG,NA,NA,NA,NA,
121,CONCONG,NA,NA,NA,NA,
122,CONCOURT,NA,NA,NA,NA,
123,CONDEMND,NA,NA,NA,NA,
124,CONDOM,NA,NA,NA,NA,
125,CONDRIFT,NA,NA,NA,NA,
126,CONEDUC,NA,NA,NA,NA,
127,CONF2F,NA,NA,NA,NA,
128,CONFED,NA,NA,NA,NA,
129,CONFINAN,NA,NA,NA,NA,
130,CONINC,NA,NA,NA,NA,
131,CONJUDGE,NA,NA,NA,NA,
132,CONLABOR,NA,NA,NA,NA,
133,CONLEGIS,NA,NA,NA,NA,
134,CONMEDIC,NA,NA,NA,NA,
135,CONPRESS,NA,NA,NA,NA,
136,CONRINC,NA,NA,NA,NA,
137,CONSCHLS,NA,NA,NA,NA,
138,CONSCI,NA,NA,NA,NA,
139,CONSENT,NA,NA,NA,NA,
140,CONTV,NA,NA,NA,NA,
141,CONWKDAY,NA,NA,NA,NA,
142,COOCC10,NA,NA,NA,NA,
143,COOP,NA,NA,NA,NA,
144,COOTHER,NA,NA,NA,NA,
145,COPRES10,NA,NA,NA,NA,
146,COPRES105PLUS,NA,NA,NA,NA,
147,COREL,NA,NA,NA,NA,
148,COSEI10,NA,NA,NA,NA,
149,COSEI10EDUC,NA,NA,NA,NA,
150,COSEI10INC,NA,NA,NA,NA,
151,COURTS,9.209473684,30.89,6,0.875,1
152,COWRKHLP,NA,NA,NA,NA,
153,COWRKINT,NA,NA,NA,NA,
154,COWRKSLF,NA,NA,NA,NA,
155,COWRKSTA,NA,NA,NA,NA,
156,CRACK30,NA,NA,NA,NA,
157,DANGOTH1,NA,NA,NA,NA,
158,DANGOTH2,NA,NA,NA,NA,
159,DANGOTH3,NA,NA,NA,NA,
160,DANGOTH4,NA,NA,NA,NA,
161,DANGOTH5,NA,NA,NA,NA,
162,DANGROTH,NA,NA,NA,NA,
163,DANGRSLF,NA,NA,NA,NA,
164,DANGSLF1,NA,NA,NA,NA,
165,DANGSLF2,NA,NA,NA,NA,
166,DANGSLF3,NA,NA,NA,NA,
167,DANGSLF4,NA,NA,NA,NA,
168,DANGSLF5,NA,NA,NA,NA,
169,DATEINTV,NA,NA,NA,NA,
170,DECMONEY,NA,NA,NA,NA,
171,DECTREAT,NA,NA,NA,NA,
172,DEFPENSN,NA,NA,NA,NA,
173,DEGREE,NA,NA,NA,NA,
174,DEMANDS,NA,NA,NA,NA,
175,DENKID,NA,NA,NA,NA,
176,DENOM,10.74,32.02714286,3,-1.115,1
177,DENOM16,NA,NA,NA,NA,
178,DEPRESS,NA,NA,NA,NA,
179,DEPTPERF,NA,NA,NA,NA,
180,DIABETES,NA,NA,NA,NA,
181,DIAGNOSD,NA,NA,NA,NA,
182,DIFREL,NA,NA,NA,NA,
183,DINEFRDS,NA,NA,NA,NA,
184,DIPGED,NA,NA,NA,NA,
185,DISCAFF,9.349090909,40.18363636,7,4,1
186,DISCAFFM,9.673292683,33.6354878,7,3.7275,1
187,DISCAFFW,9.673292683,33.6354878,7,3.7275,1
188,DISRSPCT,6.305714286,47.55428571,4.5,0.74,1
189,DIVLAW,7.6125,35.1475,5,0.1,1
190,DIVORCE,9.655,34.73,4,-1.02,1
191,DOFIRST,NA,NA,NA,NA,
192,DOG,NA,NA,NA,NA,
193,DOGB4,NA,NA,NA,NA,
194,DWELLING,NA,NA,NA,NA,
195,DWELLPRE,NA,NA,NA,NA,
196,DWELOWN,5.993333333,47.31666667,3,-0.075,1
197,DWELOWN16,NA,NA,NA,NA,
198,EARNRS,NA,NA,NA,NA,
199,EARTHSUN,NA,NA,NA,NA,
200,EDUC,NA,NA,NA,NA,
201,EGOMEANS,NA,NA,NA,NA,
202,ELECTRON,NA,NA,NA,NA,
203,EMAILHR,9.830526316,35.89,7,0.685,1
204,EMAILMIN,9.830526316,35.89,7,0.685,1
205,EMOPROBS,NA,NA,NA,NA,
206,EMPINPUT,NA,NA,NA,NA,
207,EMPTRAIN,NA,NA,NA,NA,
208,ENDSMEET,NA,NA,NA,NA,
209,EQWLTH,NA,NA,NA,NA,
210,ESOP,NA,NA,NA,NA,
211,ESOPNOT,NA,NA,NA,NA,
212,ETH1,NA,NA,NA,NA,
213,ETH2,NA,NA,NA,NA,
214,ETH3,NA,NA,NA,NA,
215,ETHNIC,NA,NA,NA,NA,
216,ETHNUM,NA,NA,NA,NA,
217,EVCRACK,NA,NA,NA,NA,
218,EVIDU,NA,NA,NA,NA,
219,EVOLVED,NA,NA,NA,NA,
220,EVOLVED2,NA,NA,NA,NA,
221,EVPAIDSX,NA,NA,NA,NA,
222,EVSTRAY,NA,NA,NA,NA,
223,EVWORK,1.29,57.1,1,-1,1
224,EXPDESGN,NA,NA,NA,NA,
225,EXPTEXT,NA,NA,NA,NA,
226,EXTR2017,NA,NA,NA,NA,
227,EXTRAPAY,NA,NA,NA,NA,
228,EXTRAVAL,NA,NA,NA,NA,
229,EXTRAYR,NA,NA,NA,NA,
230,FAIR,NA,NA,NA,NA,
231,FAIREARN,NA,NA,NA,NA,
232,FAMDIF16,NA,NA,NA,NA,
233,FAMGEN,NA,NA,NA,NA,
234,FAMILY16,NA,NA,NA,NA,
235,FAMMHNEG,NA,NA,NA,NA,
236,FAMPRESS,NA,NA,NA,NA,
237,FAMVSWK,NA,NA,NA,NA,
238,FAMWKOFF,NA,NA,NA,NA,
239,FATALISM,NA,NA,NA,NA,
240,FATIGUE,NA,NA,NA,NA,
241,FEAR,8.544545455,40.18363636,6,1.14,1
242,FECHLD,10.15363636,35.86545455,7,1.36,1
243,FEELEVEL,NA,NA,NA,NA,
244,FEELREL,NA,NA,NA,NA,
245,FEEUSED,NA,NA,NA,NA,
246,FEFAM,10.88846154,38.75230769,7,2.66,1
247,FEHIRE,13.07333333,15.65,9,0.075,1
248,FEJOBAFF,NA,NA,NA,NA,
249,FEPOL,8.756666667,39.88666667,5,-0.54,1
250,FEPRESCH,4.910769231,47.72230769,4,-0.655,1
251,FINALTER,9.32,40.7,6,0.9,1
252,FINRELA,12.13785714,35.63928571,8,3.3125,1
253,FIRSTYOU,NA,NA,NA,NA,
254,FISH,NA,NA,NA,NA,
255,FISHB4,NA,NA,NA,NA,
256,FORM,NA,NA,NA,NA,
257,FORMWT,NA,NA,NA,NA,
258,FRINGEOK,NA,NA,NA,NA,
259,FRNDSEX,NA,NA,NA,NA,
260,FUCITZN,NA,NA,NA,NA,
261,FUND,NA,NA,NA,NA,
262,FUND16,NA,NA,NA,NA,
263,GENDER1,NA,NA,NA,NA,
264,GENDER10,NA,NA,NA,NA,
265,GENDER11,NA,NA,NA,NA,
266,GENDER12,NA,NA,NA,NA,
267,GENDER2,NA,NA,NA,NA,
268,GENDER3,NA,NA,NA,NA,
269,GENDER4,NA,NA,NA,NA,
270,GENDER5,NA,NA,NA,NA,
271,GENDER6,NA,NA,NA,NA,
272,GENDER7,NA,NA,NA,NA,
273,GENDER8,NA,NA,NA,NA,
274,GENDER9,NA,NA,NA,NA,
275,GENEABRT2,NA,NA,NA,NA,
276,GENEGEN,NA,NA,NA,NA,
277,GENEGOO2,NA,NA,NA,NA,
278,GENESELF2,NA,NA,NA,NA,
279,GENETICS,NA,NA,NA,NA,
280,GENETST1,NA,NA,NA,NA,
281,GETAHEAD,6.50625,52.96,4.5,1.38,1
282,GOAT,NA,NA,NA,NA,
283,GOATB4,NA,NA,NA,NA,
284,GOD,NA,NA,NA,NA,
285,GODCHNGE,NA,NA,NA,NA,
286,GODMEANS,NA,NA,NA,NA,
287,GODSWILL,NA,NA,NA,NA,
288,GOODLIFE,NA,NA,NA,NA,
289,GOVEQINC,NA,NA,NA,NA,
290,GOVLAZY,NA,NA,NA,NA,
291,GOVVSREL,NA,NA,NA,NA,
292,GRANBORN,NA,NA,NA,NA,
293,GRASS,NA,NA,NA,NA,
294,GUNLAW,10.208,31.55,8,1.875,1
295,HANDMOVE,NA,NA,NA,NA,
296,HAPCOHAB,11.22636364,44.50181818,9,1.36,1
297,HAPMAR,6.277,55.375,5,0.1875,1
298,HAPPY,9.980769231,38.75230769,7,2.14,1
299,HAPUNHAP,NA,NA,NA,NA,
300,HAVEINFO,NA,NA,NA,NA,
301,HEALTH,5.041428571,47.55428571,2,-0.24,1
302,HEALTH1,NA,NA,NA,NA,
303,HEALTHISSP,NA,NA,NA,NA,
304,HEAVEN,NA,NA,NA,NA,
305,HEFINFO,NA,NA,NA,NA,
306,HEIGHT,NA,NA,NA,NA,
307,HELL,NA,NA,NA,NA,
308,HELPBLK,NA,NA,NA,NA,
309,HELPFRDS,NA,NA,NA,NA,
310,HELPFUL,NA,NA,NA,NA,
311,HELPNOT,NA,NA,NA,NA,
312,HELPOTH,NA,NA,NA,NA,
313,HELPPOOR,NA,NA,NA,NA,
314,HELPSICK,NA,NA,NA,NA,
315,HHRACE,NA,NA,NA,NA,
316,HHTYPE,NA,NA,NA,NA,
317,HHTYPE1,NA,NA,NA,NA,
318,HINDUS,NA,NA,NA,NA,
319,HISPANIC,NA,NA,NA,NA,
320,HIVTEST,NA,NA,NA,NA,
321,HIVTEST1,NA,NA,NA,NA,
322,HIVTEST2,NA,NA,NA,NA,
323,HLPADVCE,NA,NA,NA,NA,
324,HLPDOWN,NA,NA,NA,NA,
325,HLPEQUIP,NA,NA,NA,NA,
326,HLPHOME,NA,NA,NA,NA,
327,HLPJOB,NA,NA,NA,NA,
328,HLPLOAN,NA,NA,NA,NA,
329,HLPPAPER,NA,NA,NA,NA,
330,HLPRESDE,NA,NA,NA,NA,
331,HLPSICK,NA,NA,NA,NA,
332,HLPSICKR,NA,NA,NA,NA,
333,HLPSOCOC,NA,NA,NA,NA,
334,HLTHDAYS,NA,NA,NA,NA,
335,HLTHMNTL,NA,NA,NA,NA,
336,HLTHPHYS,NA,NA,NA,NA,
337,HLTHSTRT,NA,NA,NA,NA,
338,HOMOSEX,12.40275862,30.88655172,10,3.285,1
339,HOMOSEX1,NA,NA,NA,NA,
340,HOMPOP,NA,NA,NA,NA,
341,HORSE,NA,NA,NA,NA,
342,HORSEB4,NA,NA,NA,NA,
343,HOTCORE,NA,NA,NA,NA,
344,HRS1,2.645454545,56.41,2,-0.895,1
345,HRS2,5.806666667,47.80333333,3,-0.66,1
346,HRSRELAX,NA,NA,NA,NA,
347,HSBIO,NA,NA,NA,NA,
348,HSCHEM,NA,NA,NA,NA,
349,HSMATH,NA,NA,NA,NA,
350,HSPHYS,NA,NA,NA,NA,
351,HUADD,NA,NA,NA,NA,
352,HUADDWHY,NA,NA,NA,NA,
353,HUBBYWRK,NA,NA,NA,NA,
354,HUCLEAN,NA,NA,NA,NA,
355,HUNT,5.863636364,39.13727273,4,-0.785,1
356,HUNT1,NA,NA,NA,NA,
357,HURTATWK,NA,NA,NA,NA,
358,HURTOTH,NA,NA,NA,NA,
359,HURTSELF,NA,NA,NA,NA,
360,HVYLIFT,NA,NA,NA,NA,
361,HYPERTEN,NA,NA,NA,NA,
362,ID,NA,NA,NA,NA,
363,IDU30,NA,NA,NA,NA,
364,IF12WHO,NA,NA,NA,NA,
365,IF16WHO,4.823333333,47.80333333,3,-0.66,1
366,IMBALNCE,NA,NA,NA,NA,
367,IMPRVOWN,NA,NA,NA,NA,
368,IMPRVTRT,NA,NA,NA,NA,
369,INCGAP,NA,NA,NA,NA,
370,INCOM16,19.1,23.32666667,17,8.22,1
371,INCOME,NA,NA,NA,NA,
372,INCOME16,19.51153846,-8.747692308,18,3.7,1
373,INCUSPOP,NA,NA,NA,NA,
374,INDPERF,NA,NA,NA,NA,
375,INDUS10,NA,NA,NA,NA,
376,INDUSGEN,NA,NA,NA,NA,
377,INTAGE,NA,NA,NA,NA,
378,INTCNTCT,NA,NA,NA,NA,
379,INTECON,NA,NA,NA,NA,
380,INTEDUC,NA,NA,NA,NA,
381,INTENVIR,NA,NA,NA,NA,
382,INTETHN,NA,NA,NA,NA,
383,INTFARM,NA,NA,NA,NA,
384,INTHISP,NA,NA,NA,NA,
385,INTID,NA,NA,NA,NA,
386,INTINTL,NA,NA,NA,NA,
387,INTLBLKS,8.412857143,27.19714286,3,-0.24,1
388,INTLHSPS,8.412857143,27.19714286,3,-0.24,1
389,INTLWHTS,2.47,38.1,1,-0.9,1
390,INTMED,NA,NA,NA,NA,
391,INTMIL,NA,NA,NA,NA,
392,INTRACE1,NA,NA,NA,NA,
393,INTRACE2,NA,NA,NA,NA,
394,INTRACE3,NA,NA,NA,NA,
395,INTSCI,NA,NA,NA,NA,
396,INTSEX,NA,NA,NA,NA,
397,INTSPACE,NA,NA,NA,NA,
398,INTTECH,NA,NA,NA,NA,
399,INTYRS,NA,NA,NA,NA,
400,ISCO08,NA,NA,NA,NA,
401,ISCO88,NA,NA,NA,NA,
402,ISSP,NA,NA,NA,NA,
403,Jew,NA,NA,NA,NA,
404,Jew16,NA,NA,NA,NA,
405,JEWS,NA,NA,NA,NA,
406,JOBFIND,9.209473684,38.39,6,2.87,1
407,JOBFIND1,NA,NA,NA,NA,
408,JOBLOSE,12.89428571,37.13571429,9,4.625,1
409,JOBSECOK,NA,NA,NA,NA,
410,KIDPARS,NA,NA,NA,NA,
411,KIDSINHH,NA,NA,NA,NA,
412,KIDSSOL,NA,NA,NA,NA,
413,KNOWSCHD,NA,NA,NA,NA,
414,KNOWWHAT,NA,NA,NA,NA,
415,KNWBUS,NA,NA,NA,NA,
416,KNWCLENR,NA,NA,NA,NA,
417,KNWCOP,NA,NA,NA,NA,
418,KNWCUTTR,NA,NA,NA,NA,
419,KNWEXEC,NA,NA,NA,NA,
420,KNWHRMAN,NA,NA,NA,NA,
421,KNWLAWYR,NA,NA,NA,NA,
422,KNWMCHNC,NA,NA,NA,NA,
423,KNWMW1,NA,NA,NA,NA,
424,KNWMW2,NA,NA,NA,NA,
425,KNWMW3,NA,NA,NA,NA,
426,KNWMW4,NA,NA,NA,NA,
427,KNWMW5,NA,NA,NA,NA,
428,KNWNURSE,NA,NA,NA,NA,
429,KNWTCHER,NA,NA,NA,NA,
430,LAIDOFF,NA,NA,NA,NA,
431,LASERS,NA,NA,NA,NA,
432,LEARNNEW,NA,NA,NA,NA,
433,LETDIE1,13.85555556,25.96555556,10,5.34,1
434,LETIN1A,8.756666667,39.88666667,4,-0.42,1
435,LIBATH,14.95875,33.01375,11,5.22,1
436,LIBCOM,6.936363636,47.77363636,3.666666667,0.975,1
437,LIBHOMO,15.77666667,33.8,10,4.5,1
438,LIBMIL,9.223684211,42.76,5.333333333,1.793333333,1
439,LIBMSLM,15.59142857,28.99285714,11,6.375,1
440,LIBRAC,14.80121212,32.59363636,9,5.595,1
441,LIFE,6.936363636,47.77363636,4,-0.675,1
442,LIFEIN5,NA,NA,NA,NA,
443,LIFENOW,NA,NA,NA,NA,
444,LIVEBLKS,11.37692308,31.51153846,9,7.491666667,1
445,LNGTHINV,NA,NA,NA,NA,
446,LOCALNUM,8.098181818,38.76636364,4.333333333,2.753333333,1
447,LONELY1,5.4,17.335,2,-0.06,1
448,LONELY2,6.507777778,25.19111111,3,0.3,1
449,LONELY3,NA,NA,NA,NA,
450,MADEG,NA,NA,NA,NA,
451,MADENKID,NA,NA,NA,NA,
452,MAEDUC,NA,NA,NA,NA,
453,MAIND10,NA,NA,NA,NA,
454,MAISCO08,NA,NA,NA,NA,
455,MAISCO88,NA,NA,NA,NA,
456,MAJOR1,NA,NA,NA,NA,
457,MAJOR2,NA,NA,NA,NA,
458,MAJORCOL,NA,NA,NA,NA,
459,MAKEFRND,NA,NA,NA,NA,
460,MALEORNT,NA,NA,NA,NA,
461,MANVSEMP,NA,NA,NA,NA,
462,MAOCC10,NA,NA,NA,NA,
463,MAPRES10,NA,NA,NA,NA,
464,MAPRES105PLUS,NA,NA,NA,NA,
465,1-Mar,NA,NA,NA,NA,
466,11-Mar,NA,NA,NA,NA,
467,12-Mar,NA,NA,NA,NA,
468,2-Mar,NA,NA,NA,NA,
469,3-Mar,NA,NA,NA,NA,
470,4-Mar,NA,NA,NA,NA,
471,5-Mar,NA,NA,NA,NA,
472,6-Mar,NA,NA,NA,NA,
473,7-Mar,NA,NA,NA,NA,
474,8-Mar,NA,NA,NA,NA,
475,9-Mar,NA,NA,NA,NA,
476,MARAsian,11.22727273,39.13727273,7,-0.675,1
477,MARBLK,7.19,47.6,5,-0.9,1
478,MARCOHAB,NA,NA,NA,NA,
479,MARELKID,NA,NA,NA,NA,
480,MARHISP,10.72333333,31.97,7,-0.42,1
481,MARHOMO,10.20888889,36.67888889,4,-0.915,1
482,MARITAL,10.35692308,33.10692308,7,-0.395,1
483,MARTYPE,NA,NA,NA,NA,
484,MARWHT,10.76210526,35.89,9.5,2.87,1
485,MASEI10,NA,NA,NA,NA,
486,MASEI10EDUC,NA,NA,NA,NA,
487,MASEI10INC,NA,NA,NA,NA,
488,MATESEX,NA,NA,NA,NA,
489,MAWRKGRW,NA,NA,NA,NA,
490,MAWRKSLF,NA,NA,NA,NA,
491,MCSDS1,NA,NA,NA,NA,
492,MCSDS2,NA,NA,NA,NA,
493,MCSDS3,NA,NA,NA,NA,
494,MCSDS4,NA,NA,NA,NA,
495,MCSDS5,NA,NA,NA,NA,
496,MCSDS6,NA,NA,NA,NA,
497,MCSDS7,NA,NA,NA,NA,
498,MEDDOC,NA,NA,NA,NA,
499,MENTLDOC,NA,NA,NA,NA,
500,MENTLHOS,NA,NA,NA,NA,
501,MENTLILL,NA,NA,NA,NA,
502,MENTLOTH,NA,NA,NA,NA,
503,MEOVRWRK,7.773333333,47.80333333,5,-0.54,1
504,mhdiagno,NA,NA,NA,NA,
505,MHP1R1,NA,NA,NA,NA,
506,MHP1R2,NA,NA,NA,NA,
507,MHP2R1,NA,NA,NA,NA,
508,MHP2R2,NA,NA,NA,NA,
509,MHP3R1,NA,NA,NA,NA,
510,MHP3R2,NA,NA,NA,NA,
511,MHP4R1,NA,NA,NA,NA,
512,MHP4R2,NA,NA,NA,NA,
513,MHP5R1,NA,NA,NA,NA,
514,MHP5R2,NA,NA,NA,NA,
515,MHTREAT1,NA,NA,NA,NA,
516,MHTREAT2,NA,NA,NA,NA,
517,MHTREAT3,NA,NA,NA,NA,
518,MHTREAT4,NA,NA,NA,NA,
519,MHTREAT5,NA,NA,NA,NA,
520,MHTREATD,NA,NA,NA,NA,
521,MHUNSURE,NA,NA,NA,NA,
522,MIRACLES,NA,NA,NA,NA,
523,MISSWORK,NA,NA,NA,NA,
524,MNTHSUSA,NA,NA,NA,NA,
525,MNTLHLTH,NA,NA,NA,NA,
526,MOBILE16,NA,NA,NA,NA,
527,MODE,NA,NA,NA,NA,
528,MOREDAYS,NA,NA,NA,NA,
529,MUSLIMS,NA,NA,NA,NA,
530,MUSTDOC,NA,NA,NA,NA,
531,MUSTHOSP,NA,NA,NA,NA,
532,MUSTMED,NA,NA,NA,NA,
533,MUSTWORK,NA,NA,NA,NA,
534,MYGOALS,NA,NA,NA,NA,
535,MYPROBS1,NA,NA,NA,NA,
536,MYPROBS2,NA,NA,NA,NA,
537,MYPROBS3,NA,NA,NA,NA,
538,MYPROBS4,NA,NA,NA,NA,
539,MYPROBS5,NA,NA,NA,NA,
540,MYSKILLS,NA,NA,NA,NA,
541,MYWAYGOD,NA,NA,NA,NA,
542,NANOBEN,NA,NA,NA,NA,
543,NANOHARM,NA,NA,NA,NA,
544,NANOWILL,NA,NA,NA,NA,
545,NATACCESS,NA,NA,NA,NA,
546,NATACTIVE,NA,NA,NA,NA,
547,NATAID,5.993333333,47.31666667,5,-0.375,1
548,NATAIDY,8.392941176,46.68176471,7,0.115,1
549,NATARMS,9.785555556,41.02444444,7,0.48,1
550,NATARMSY,7.566666667,47.31666667,6,-0.225,1
551,NATCHLD,7.6125,41.085,6,-0.06,1
552,NATCITY,8.14,40.7,7,0.5,1
553,NATCITYY,7.698823529,46.68176471,6,0.115,1
554,NATCRIME,7.163333333,46.30222222,6,0.12,1
555,NATCRIMY,6.78,47.31666667,5,-0.225,1
556,NATDRUG,7.698823529,41.09352941,6,0.115,1
557,NATDRUGY,9.14,40.98333333,5,-0.225,1
558,NATEDUC,10.44111111,35.74666667,8,0.48,1
559,NATEDUCY,7.57,47.55428571,5,-0.38,1
560,NATENRGY,11.86352941,29.91705882,8,0.455,1
561,NATENVIR,10.44111111,46.30222222,7,0.66,1
562,NATENVIY,7.566666667,47.31666667,5,-0.225,1
563,NATFARE,5.884285714,47.55428571,5,-0.52,1
564,NATFAREY,7.004705882,46.68176471,5,0.115,1
565,NATHEAL,9.209473684,45.89,7,0.685,1
566,NATHEALY,5.041428571,54.34,4,-0.52,1
567,NATLACK,NA,NA,NA,NA,
568,NATMASS,7.566666667,40.98333333,5,-0.225,1
569,NATMEET,NA,NA,NA,NA,
570,NATNOTICE,NA,NA,NA,NA,
571,NATPARK,7.6125,47.0225,5,-0.06,1
572,NATRACE,8.474444444,46.30222222,6,0.48,1
573,NATRACEY,6.875,47.0225,5,-0.06,1
574,NATRELAX,NA,NA,NA,NA,
575,NATROAD,NA,NA,NA,NA,
576,NATSAT,NA,NA,NA,NA,
577,NATSCI,9.825,35.1475,7,0.1,1
578,NATSOC,8.353333333,40.98333333,6,-0.225,1
579,NATSPAC,8.392941176,41.09352941,6,0.115,1
580,NATSPACY,7.566666667,47.31666667,5,-0.225,1
581,NATTIME,NA,NA,NA,NA,
582,NATTIMEOK,NA,NA,NA,NA,
583,NATVIEWS,NA,NA,NA,NA,
584,NEISAFE,NA,NA,NA,NA,
585,NEWFRDS,NA,NA,NA,NA,
586,NEWS,8.52,47.44,4,1.86,1
587,NEWSFROM,NA,NA,NA,NA,
588,NEXTGEN,NA,NA,NA,NA,
589,NIHILISM,NA,NA,NA,NA,
590,NOTSMART,4.097222222,54.685,2.5,0.4575,1
591,NTWKHARD,NA,NA,NA,NA,
592,NUKEGEN,NA,NA,NA,NA,
593,NUMCONG,NA,NA,NA,NA,
594,NUMEMPS,NA,NA,NA,NA,
595,NUMLANGS,NA,NA,NA,NA,
596,NUMMEN,NA,NA,NA,NA,
597,NUMORG,NA,NA,NA,NA,
598,NUMPETS,NA,NA,NA,NA,
599,NUMWOMEN,NA,NA,NA,NA,
600,OBEY,NA,NA,NA,NA,
601,OCC10,NA,NA,NA,NA,
602,ODDS1,NA,NA,NA,NA,
603,ODDS2,NA,NA,NA,NA,
604,OLD1,NA,NA,NA,NA,
605,OLD10,NA,NA,NA,NA,
606,OLD11,NA,NA,NA,NA,
607,OLD12,NA,NA,NA,NA,
608,OLD2,NA,NA,NA,NA,
609,OLD3,NA,NA,NA,NA,
610,OLD4,NA,NA,NA,NA,
611,OLD5,NA,NA,NA,NA,
612,OLD6,NA,NA,NA,NA,
613,OLD7,NA,NA,NA,NA,
614,OLD8,NA,NA,NA,NA,
615,OLD9,NA,NA,NA,NA,
616,OPDEVEL,NA,NA,NA,NA,
617,OTCMED,NA,NA,NA,NA,
618,OTH16,NA,NA,NA,NA,
619,OTHER,NA,NA,NA,NA,
620,OTHERSEX,NA,NA,NA,NA,
621,OTHLANG,4.790909091,30.50090909,4,-0.895,1
622,OTHLANG1,NA,NA,NA,NA,
623,OTHLANG2,NA,NA,NA,NA,
624,OTHMHNEG,NA,NA,NA,NA,
625,OTHPET,NA,NA,NA,NA,
626,OTHPETB4,NA,NA,NA,NA,
627,OVERSAMP,NA,NA,NA,NA,
628,OVERWORK,NA,NA,NA,NA,
629,OWNGUN,4.823333333,47.80333333,3,-0.66,1
630,OWNSTOCK,NA,NA,NA,NA,
631,PADEG,NA,NA,NA,NA,
632,PADENKID,NA,NA,NA,NA,
633,PAEDUC,NA,NA,NA,NA,
634,PAIDSEX,NA,NA,NA,NA,
635,PAINARMS,NA,NA,NA,NA,
636,PAIND10,NA,NA,NA,NA,
637,PAISCO08,NA,NA,NA,NA,
638,PAISCO88,NA,NA,NA,NA,
639,PAOCC10,NA,NA,NA,NA,
640,PAPRES10,NA,NA,NA,NA,
641,PAPRES105PLUS,NA,NA,NA,NA,
642,PARBORN,NA,NA,NA,NA,
643,PARELKID,NA,NA,NA,NA,
644,PARSOL,NA,NA,NA,NA,
645,PARTFULL,NA,NA,NA,NA,
646,PARTLSC,NA,NA,NA,NA,
647,PARTNERS,NA,NA,NA,NA,
648,PARTNRS5,NA,NA,NA,NA,
649,PARTPART,NA,NA,NA,NA,
650,PARTTEAM,NA,NA,NA,NA,
651,PARTVOL,NA,NA,NA,NA,
652,PARTYID,NA,NA,NA,NA,
653,PASEI10,NA,NA,NA,NA,
654,PASEI10EDUC,NA,NA,NA,NA,
655,PASEI10INC,NA,NA,NA,NA,
656,PAWRKSLF,NA,NA,NA,NA,
657,PETB4,NA,NA,NA,NA,
658,PETB4CMFRT,NA,NA,NA,NA,
659,PETB4FAM,NA,NA,NA,NA,
660,PETB4PLY,NA,NA,NA,NA,
661,PETCMFRT,NA,NA,NA,NA,
662,PETFAM,NA,NA,NA,NA,
663,PETPLAY,NA,NA,NA,NA,
664,PHASE,NA,NA,NA,NA,
665,PHONE,NA,NA,NA,NA,
666,PHYEFFRT,NA,NA,NA,NA,
667,PHYSACTS,NA,NA,NA,NA,
668,PHYSHLTH,NA,NA,NA,NA,
669,PHYSILL,NA,NA,NA,NA,
670,PIG,NA,NA,NA,NA,
671,PIGB4,NA,NA,NA,NA,
672,PIKUPSEX,NA,NA,NA,NA,
673,PILINGUP,NA,NA,NA,NA,
674,PILLOK,15.69625,15.20125,14,4.9,1
675,PISTOL,3.755,34.73,3,-1.18,1
676,POLABUSE,NA,NA,NA,NA,
677,POLATTAK,NA,NA,NA,NA,
678,POLEFF11,NA,NA,NA,NA,
679,POLESCAP,NA,NA,NA,NA,
680,POLHITOK,NA,NA,NA,NA,
681,POLMURDR,NA,NA,NA,NA,
682,POLVIEWS,8.138,25.9,4,3.833333333,1
683,POORSERV,6.727142857,50.94714286,5,0.74,1
684,POPESPKS,9.0875,29.21,6,0.1,1
685,POPULAR,NA,NA,NA,NA,
686,PORNLAW,NA,NA,NA,NA,
687,POSSLQ,NA,NA,NA,NA,
688,POSSLQY,NA,NA,NA,NA,
689,POSTLIFE,6.78,47.31666667,5,-0.225,1
690,PRAY,2.483333333,59.86,2,-1.32,1
691,PRAYER,8.895238095,33.67666667,6,3.75,1
692,PRAYFREQ,NA,NA,NA,NA,
693,PREMARSX,10.24083333,33.58583333,8,4.98,1
694,PRES12,NA,NA,NA,NA,
695,PRES16,4.964444444,15.56777778,3,-1.005,1
696,PRESTG10,NA,NA,NA,NA,
697,PRESTG105PLUS,NA,NA,NA,NA,
698,PRETEEN,NA,NA,NA,NA,
699,PRODCTIV,NA,NA,NA,NA,
700,PROMTEFR,NA,NA,NA,NA,
701,PROMTEOK,NA,NA,NA,NA,
702,PROUDEMP,NA,NA,NA,NA,
703,PRVDHLTH,NA,NA,NA,NA,
704,PRVDOLD,NA,NA,NA,NA,
705,QUALLIFE,NA,NA,NA,NA,
706,RACDIF1,7.6,41.55,1.5,-1.15,1
707,RACDIF2,4.4925,52.5425,1.5,-0.7,1
708,RACDIF3,5.312391304,47.80413043,2,0.1675,1
709,RACDIF4,6.282407407,30.05537037,3,0.7275,1
710,RACE,NA,NA,NA,NA,
711,RACECEN1,NA,NA,NA,NA,
712,RACECEN2,NA,NA,NA,NA,
713,RACECEN3,NA,NA,NA,NA,
714,RACLIVE,8.009090909,39.13727273,5,-0.675,1
715,RACOPEN,7.655,42.34388889,5,6.06,1
716,RACWORK,6.647619048,49.51,4,0.705,1
717,RADIOACT,NA,NA,NA,NA,
718,RANDOM,NA,NA,NA,NA,
719,RANK,4.003076923,45.28641026,2.333333333,1.165,1
720,RATEPAIN,NA,NA,NA,NA,
721,RATETONE,NA,NA,NA,NA,
722,REALINC,NA,NA,NA,NA,
723,REALRINC,NA,NA,NA,NA,
724,REBORN,11.18206897,34.16241379,6,3.285,1
725,REG16,NA,NA,NA,NA,
726,REGION,NA,NA,NA,NA,
727,RELACTIV,11.76272727,35.86545455,7,1.58,1
728,RELATE1,NA,NA,NA,NA,
729,RELATE10,NA,NA,NA,NA,
730,RELATE11,NA,NA,NA,NA,
731,RELATE12,NA,NA,NA,NA,
732,RELATE2,NA,NA,NA,NA,
733,RELATE3,NA,NA,NA,NA,
734,RELATE4,NA,NA,NA,NA,
735,RELATE5,NA,NA,NA,NA,
736,RELATE6,NA,NA,NA,NA,
737,RELATE7,NA,NA,NA,NA,
738,RELATE8,NA,NA,NA,NA,
739,RELATE9,NA,NA,NA,NA,
740,RELATSEX,NA,NA,NA,NA,
741,RELEXT1,NA,NA,NA,NA,
742,RELEXT3,NA,NA,NA,NA,
743,RELGENBAR,NA,NA,NA,NA,
744,RELGENEQ,NA,NA,NA,NA,
745,RELHH1,NA,NA,NA,NA,
746,RELHH10,NA,NA,NA,NA,
747,RELHH11,NA,NA,NA,NA,
748,RELHH12,NA,NA,NA,NA,
749,RELHH2,NA,NA,NA,NA,
750,RELHH3,NA,NA,NA,NA,
751,RELHH4,NA,NA,NA,NA,
752,RELHH5,NA,NA,NA,NA,
753,RELHH6,NA,NA,NA,NA,
754,RELHH7,NA,NA,NA,NA,
755,RELHH8,NA,NA,NA,NA,
756,RELHH9,NA,NA,NA,NA,
757,RELHHD1,NA,NA,NA,NA,
758,RELHHD10,NA,NA,NA,NA,
759,RELHHD11,NA,NA,NA,NA,
760,RELHHD12,NA,NA,NA,NA,
761,RELHHD2,NA,NA,NA,NA,
762,RELHHD3,NA,NA,NA,NA,
763,RELHHD4,NA,NA,NA,NA,
764,RELHHD5,NA,NA,NA,NA,
765,RELHHD6,NA,NA,NA,NA,
766,RELHHD7,NA,NA,NA,NA,
767,RELHHD8,NA,NA,NA,NA,
768,RELHHD9,NA,NA,NA,NA,
769,RELIG,7.6,22.55,2,-1.275,1
770,RELIG16,NA,NA,NA,NA,
771,RELIGCON,NA,NA,NA,NA,
772,RELIGINT,NA,NA,NA,NA,
773,RELIGKID,NA,NA,NA,NA,
774,RELITEN,8.392941176,29.91705882,6,0.285,1
775,RELMARRY,NA,NA,NA,NA,
776,RELOBJCT,NA,NA,NA,NA,
777,RELPAST,NA,NA,NA,NA,
778,RELPERSN,10.95586957,18.89108696,6,0.6275,1
779,RELRLVNT,NA,NA,NA,NA,
780,RELSCRPT,NA,NA,NA,NA,
781,RELSP1,NA,NA,NA,NA,
782,RELSP10,NA,NA,NA,NA,
783,RELSP11,NA,NA,NA,NA,
784,RELSP12,NA,NA,NA,NA,
785,RELSP2,NA,NA,NA,NA,
786,RELSP3,NA,NA,NA,NA,
787,RELSP4,NA,NA,NA,NA,
788,RELSP5,NA,NA,NA,NA,
789,RELSP6,NA,NA,NA,NA,
790,RELSP7,NA,NA,NA,NA,
791,RELSP8,NA,NA,NA,NA,
792,RELSP9,NA,NA,NA,NA,
793,RELSPRT,NA,NA,NA,NA,
794,REPTILE,NA,NA,NA,NA,
795,REPTILEB4,NA,NA,NA,NA,
796,RES16,NA,NA,NA,NA,
797,RESPECT,6.305714286,47.55428571,4.5,0.74,1
798,RESPNUM,NA,NA,NA,NA,
799,RESPOND,NA,NA,NA,NA,
800,RFAMLOOK,NA,NA,NA,NA,
801,RGROOMED,NA,NA,NA,NA,
802,RHLTHEND,NA,NA,NA,NA,
803,RICHWORK,11.34516129,36.48096774,5,3.925,1
804,RIFLE,3.755,34.73,3,-1.18,1
805,RINCBLLS,NA,NA,NA,NA,
806,RINCOM16,3.77326087,43.67369565,2.5,-0.0625,1
807,RINCOME,NA,NA,NA,NA,
808,RLOOKS,NA,NA,NA,NA,
809,ROWNGUN,6.275555556,47.23444444,3,-1.005,1
810,RPLACE,NA,NA,NA,NA,
811,RVISITOR,NA,NA,NA,NA,
812,RWEIGHT,NA,NA,NA,NA,
813,RXMED,NA,NA,NA,NA,
814,SAFEFRST,NA,NA,NA,NA,
815,SAFEHLTH,NA,NA,NA,NA,
816,SAFETYWK,NA,NA,NA,NA,
817,SAMPCODE,NA,NA,NA,NA,
818,SAMPLE,NA,NA,NA,NA,
819,SATFAM7,NA,NA,NA,NA,
820,SATFIN,11.22636364,33.70636364,7,5.1,1
821,SATJOB,14.60666667,24.25888889,9,3.765,1
822,SATJOB1,NA,NA,NA,NA,
823,SATLIFE,NA,NA,NA,NA,
824,SATSOC,NA,NA,NA,NA,
825,SAVESOUL,9.457142857,22.36714286,8,0.915,1
826,SCIBNFTS,NA,NA,NA,NA,
827,SCIENTBE,NA,NA,NA,NA,
828,SCIENTGO,NA,NA,NA,NA,
829,SCIENTHE,NA,NA,NA,NA,
830,SCIENTOD,NA,NA,NA,NA,
831,SCIFROM,NA,NA,NA,NA,
832,SCINEWS1,NA,NA,NA,NA,
833,SCINEWS2,NA,NA,NA,NA,
834,SCINEWS3,NA,NA,NA,NA,
835,SCISTUDY,NA,NA,NA,NA,
836,SCITEXT,NA,NA,NA,NA,
837,SECONDWK,NA,NA,NA,NA,
838,SEEKSCI,NA,NA,NA,NA,
839,SEETALK1,NA,NA,NA,NA,
840,SEETALK2,NA,NA,NA,NA,
841,SEETALK3,NA,NA,NA,NA,
842,SEETALK4,NA,NA,NA,NA,
843,SEETALK5,NA,NA,NA,NA,
844,SEI10,NA,NA,NA,NA,
845,SEI10EDUC,NA,NA,NA,NA,
846,SEI10INC,NA,NA,NA,NA,
847,SELFHELP,NA,NA,NA,NA,
848,SERIOUSP,NA,NA,NA,NA,
849,SEVERE1,NA,NA,NA,NA,
850,SEVERE2,NA,NA,NA,NA,
851,SEVERE3,NA,NA,NA,NA,
852,SEVERE4,NA,NA,NA,NA,
853,SEVERE5,NA,NA,NA,NA,
854,SEX,3.653333333,15.56777778,3,-1.095,1
855,SEXBIRTH,3.65,38.1,2,-0.9,1
856,SEXEDUC,5.806666667,39.88666667,3,-0.66,1
857,SEXFREQ,NA,NA,NA,NA,
858,SEXNOW,6.275555556,36.67888889,4,-1.005,1
859,SEXORNT,NA,NA,NA,NA,
860,SEXSEX,NA,NA,NA,NA,
861,SEXSEX5,NA,NA,NA,NA,
862,SHOTGUN,3.755,34.73,3,-1.18,1
863,SIBS,NA,NA,NA,NA,
864,SIZE,NA,NA,NA,NA,
865,SLFMANGD,NA,NA,NA,NA,
866,SLPPRBLM,NA,NA,NA,NA,
867,SMALLGAP,NA,NA,NA,NA,
868,SMAMMAL,NA,NA,NA,NA,
869,SMAMMALB4,NA,NA,NA,NA,
870,SOCBAR,2.47,47.6,2,-1,1
871,SOCFREND,6.78,47.31666667,5,-0.225,1
872,SOCOMMUN,6.78,47.31666667,5,-0.225,1
873,SOCREL,6.01,38.1,4,-0.9,1
874,SOLARREV,NA,NA,NA,NA,
875,SPANENG,NA,NA,NA,NA,
876,SPANINT,NA,NA,NA,NA,
877,SPANKING,12.87565217,31.60826087,10,2.065,1
878,SPANSELF,NA,NA,NA,NA,
879,SPDEG,NA,NA,NA,NA,
880,SPDEN,10.74,32.02714286,3,-1.115,1
881,SPEDUC,NA,NA,NA,NA,
882,SPEVWORK,3.095384615,40.41461538,2,-0.655,1
883,SPFALOOK,NA,NA,NA,NA,
884,SPFUND,NA,NA,NA,NA,
885,SPHEALER,NA,NA,NA,NA,
886,SPHRS1,NA,NA,NA,NA,
887,SPHRS2,NA,NA,NA,NA,
888,SPIND10,NA,NA,NA,NA,
889,SPISCO08,NA,NA,NA,NA,
890,SPISCO88,NA,NA,NA,NA,
891,SPJew,9.781176471,7.564117647,6,0.455,1
892,SPKATH,9.082040816,43.03612245,6.333333333,3.645,1
893,SPKCOM,5.807894737,42.76,3.333333333,1.413333333,1
894,SPKHOMO,NA,NA,NA,NA,
895,SPKLANG,0.625714286,59.17,1,-1.255,1
896,SPKMIL,9.785555556,38.38555556,6.5,2.64,1
897,SPKMSLM,9.52,30.89,6.5,3.06,1
898,SPKRAC,9.785555556,35.74666667,5.5,2.64,1
899,SPLIVE,NA,NA,NA,NA,
900,SPOCC10,NA,NA,NA,NA,
901,SPOTHER,NA,NA,NA,NA,
902,SPPRES10,NA,NA,NA,NA,
903,SPPRES105PLUS,NA,NA,NA,NA,
904,SPREL,NA,NA,NA,NA,
905,SPRTPRSN,13.52108696,18.89108696,6,0.6275,1
906,SPSEI10,NA,NA,NA,NA,
907,SPSEI10EDUC,NA,NA,NA,NA,
908,SPSEI10INC,NA,NA,NA,NA,
909,SPVTRFAIR,NA,NA,NA,NA,
910,SPWKSUP,10.01904762,26.89095238,5,1.545,1
911,SPWRKSLF,NA,NA,NA,NA,
912,SPWRKSTA,NA,NA,NA,NA,
913,SRCBELT,NA,NA,NA,NA,
914,STOCKOPS,NA,NA,NA,NA,
915,STOCKVAL,NA,NA,NA,NA,
916,STRESS,NA,NA,NA,NA,
917,STRESS12,NA,NA,NA,NA,
918,STRESSES,NA,NA,NA,NA,
919,STRREDPG,NA,NA,NA,NA,
920,SUICIDE1,8.008181818,40.18363636,4,1.14,1
921,SUICIDE2,6.085714286,44.98619048,3,0.705,1
922,SUICIDE3,8.52,43.48166667,4,1.86,1
923,SUICIDE4,8.619230769,46.06,5,1.88,1
924,SUPCARES,NA,NA,NA,NA,
925,SUPERVIS,NA,NA,NA,NA,
926,SUPHELP,NA,NA,NA,NA,
927,TAX,8.771304348,35.73869565,5,1.605,1
928,TEAMSAFE,NA,NA,NA,NA,
929,TEENS,NA,NA,NA,NA,
930,TEENSEX,6.725263158,38.39,4.5,2.3,1
931,TEMPGEN,NA,NA,NA,NA,
932,THEISM,NA,NA,NA,NA,
933,THNKSELF,NA,NA,NA,NA,
934,THREATEN,4.254545455,47.77363636,3,-0.18,1
935,TLKCLRGY,NA,NA,NA,NA,
936,TLKFAM,NA,NA,NA,NA,
937,TOOFAST,NA,NA,NA,NA,
938,TOOFEWWK,NA,NA,NA,NA,
939,TRBIGBUS,NA,NA,NA,NA,
940,TRCOURTS,NA,NA,NA,NA,
941,TRDUNION,NA,NA,NA,NA,
942,TRUST,NA,NA,NA,NA,
943,TRUSTMAN,NA,NA,NA,NA,
944,TRUSTSCI,NA,NA,NA,NA,
945,TRYNEWJB,NA,NA,NA,NA,
946,TVHOURS,NA,NA,NA,NA,
947,UNEMP,NA,NA,NA,NA,
948,UNHAPPY,NA,NA,NA,NA,
949,UNION,NA,NA,NA,NA,
950,UNION1,NA,NA,NA,NA,
951,UNRELAT,NA,NA,NA,NA,
952,UPSDOWNS,NA,NA,NA,NA,
953,UPSET,NA,NA,NA,NA,
954,USCITZN,2.311428571,25.24142857,1,-0.94,1
955,USEDUP,NA,NA,NA,NA,
956,USETECH,NA,NA,NA,NA,
957,USEWWW,5.206666667,40.98333333,3,-0.225,1
958,USWARY,7.004705882,46.68176471,4,0.285,1
959,VERSION,NA,NA,NA,NA,
960,VETYEARS,NA,NA,NA,NA,
961,VIGFRND,NA,NA,NA,NA,
962,VIGGRP,NA,NA,NA,NA,
963,VIGLABEL,NA,NA,NA,NA,
964,VIGMAR,NA,NA,NA,NA,
965,VIGNEI,NA,NA,NA,NA,
966,VIGSOC,NA,NA,NA,NA,
967,VIGVERSN,NA,NA,NA,NA,
968,VIGWORK,NA,NA,NA,NA,
969,VIRUSES,NA,NA,NA,NA,
970,VISITORS,NA,NA,NA,NA,
971,VISNHIST,NA,NA,NA,NA,
972,VISSCI,NA,NA,NA,NA,
973,VISTHOLY,NA,NA,NA,NA,
974,VISZOO,NA,NA,NA,NA,
975,VOTE12,NA,NA,NA,NA,
976,VOTE16,10.51166667,23.82712121,6.5,2.3775,1
977,VPSU,NA,NA,NA,NA,
978,VSTRAT,NA,NA,NA,NA,
979,WATERGEN,NA,NA,NA,NA,
980,WAYPAID,NA,NA,NA,NA,
981,WAYRAISE,NA,NA,NA,NA,
982,WEALTH,NA,NA,NA,NA,
983,WEBMOB,11.54740741,20.74037037,7,3.225,1
984,WEEKSWRK,NA,NA,NA,NA,
985,WEIGHT,NA,NA,NA,NA,
986,WHERE1,NA,NA,NA,NA,
987,WHERE11,NA,NA,NA,NA,
988,WHERE2,NA,NA,NA,NA,
989,WHERE3,NA,NA,NA,NA,
990,WHERE4,NA,NA,NA,NA,
991,WHERE5,NA,NA,NA,NA,
992,WHERE6,NA,NA,NA,NA,
993,WHERE7,NA,NA,NA,NA,
994,WHOELSE1,NA,NA,NA,NA,
995,WHOELSE2,NA,NA,NA,NA,
996,WHOELSE3,NA,NA,NA,NA,
997,WHOELSE4,NA,NA,NA,NA,
998,WHOELSE5,NA,NA,NA,NA,
999,WHOELSE6,NA,NA,NA,NA,
1000,WHYNOPET,NA,NA,NA,NA,
1001,WHYWKHME,NA,NA,NA,NA,
1002,WIDOWED,2.88,41.55,2,-1.375,1
1003,WKAGEISM,NA,NA,NA,NA,
1004,WKDECIDE,NA,NA,NA,NA,
1005,WKFREEDM,NA,NA,NA,NA,
1006,WKHAROTH,NA,NA,NA,NA,
1007,WKHARSEX,NA,NA,NA,NA,
1008,WKPRAISE,NA,NA,NA,NA,
1009,WKRACISM,NA,NA,NA,NA,
1010,WKSEXISM,NA,NA,NA,NA,
1011,WKSMOOTH,NA,NA,NA,NA,
1012,WKSUB,NA,NA,NA,NA,
1013,WKSUB1,NA,NA,NA,NA,
1014,WKSUBS,NA,NA,NA,NA,
1015,WKSUBS1,NA,NA,NA,NA,
1016,WKSUP,NA,NA,NA,NA,
1017,WKSUP1,NA,NA,NA,NA,
1018,WKSUPS,NA,NA,NA,NA,
1019,WKSUPS1,NA,NA,NA,NA,
1020,WKVSFAM,NA,NA,NA,NA,
1021,WLTHBLKS,NA,NA,NA,NA,
1022,WLTHHSPS,NA,NA,NA,NA,
1023,WLTHWHTS,NA,NA,NA,NA,
1024,WORDA,NA,NA,NA,NA,
1025,WORDB,NA,NA,NA,NA,
1026,WORDC,NA,NA,NA,NA,
1027,WORDD,NA,NA,NA,NA,
1028,WORDE,NA,NA,NA,NA,
1029,WORDF,NA,NA,NA,NA,
1030,WORDG,NA,NA,NA,NA,
1031,WORDH,NA,NA,NA,NA,
1032,WORDI,NA,NA,NA,NA,
1033,WORDJ,NA,NA,NA,NA,
1034,WORDSUM,NA,NA,NA,NA,
1035,WORKBLKS,NA,NA,NA,NA,
1036,WORKDIFF,NA,NA,NA,NA,
1037,WORKFAST,NA,NA,NA,NA,
1038,WORKFOR1,NA,NA,NA,NA,
1039,WORKHARD,NA,NA,NA,NA,
1040,WORKHSPS,NA,NA,NA,NA,
1041,WORKWHTS,NA,NA,NA,NA,
1042,WRKGOVT,15.63809524,-0.251904762,11,1.965,1
1043,WRKHOME,NA,NA,NA,NA,
1044,WRKSCHED,NA,NA,NA,NA,
1045,WRKSLF,NA,NA,NA,NA,
1046,WRKSLFFAM,5.993333333,40.98333333,4,-0.225,1
1047,WRKSTAT,4.198571429,49.81619048,3,1.44,1
1048,WRKTIME,NA,NA,NA,NA,
1049,WRKTYPE,NA,NA,NA,NA,
1050,WRKWAYUP,13.70256098,19.73304878,12,4.3425,1
1051,WTSS,NA,NA,NA,NA,
1052,WTSSALL,NA,NA,NA,NA,
1053,WTSSNR,NA,NA,NA,NA,
1054,WWWHR,NA,NA,NA,NA,
1055,WWWMIN,NA,NA,NA,NA,
1056,XMARSEX,15.87393939,32.59363636,16,4.935,1
1057,XMARSEX1,NA,NA,NA,NA,
1058,XMOVIE,NA,NA,NA,NA,
1059,XNORCSIZ,NA,NA,NA,NA,
1060,YEAR,NA,NA,NA,NA,
1061,YEARSJOB,NA,NA,NA,NA,
1062,YEARSUSA,NA,NA,NA,NA,
1063,YEARVAL,NA,NA,NA,NA,
1064,YOUSUP,9.054285714,45.59857143,4,-1.115,1
1065,ZODIAC,NA,NA,NA,NA,
