,Item,X,Flesch.Kincaid,Dale.Chall,ELF,FOG.NRI,validresponse_rowcount0s,dontknow_rowcount1s,noanswer_rowcount2s,skippedweb_rowcount3s,notapplicable_rowcount4s,GSSlabel,label,alicia_rating,john-o_rating,
1,ABANY,1,10.97833333,31.60666667,9,1.86,1186,20,5,7,3997,Abortion if woman wants for any reason,Do you think it should be possible for a pregnant woman to obtain a legal abortion if the woman wants it for any reason?,mostly comfortable sharing (2),somewhat uncomfortable sharing (4),
2,ABDEFECT,2,12.18714286,24.32285714,9,3.26,1178,23,7,10,3997,Strong chance of serious defect,Do you think it should be possible for a pregnant woman to obtain a legal abortion if there is a strong chance of serious defect in the baby?,mostly comfortable sharing (2),somewhat uncomfortable sharing (4),
3,ABHLTH,8,13.73259259,17.22185185,10,3.495,1175,25,8,10,3997,Woman's health seriously endangered,Do you think it should be possible for a pregnant woman to obtain a legal abortion if the woman's own health is seriously endangered by the pregnancy?,I don't mind sharing (1),mostly comfortable sharing (2),
4,ABNOMORE,14,11.54740741,31.29592593,9,2.685,1185,17,6,10,3997,Married--wants no more children,Do you think it should be possible for a pregnant woman to obtain a legal abortion if she is married and does not want any more children?,mostly comfortable sharing (2),somewhat uncomfortable sharing (4),
5,ABPOOR,15,14.20333333,27.46666667,13,3.9,1180,17,7,14,3997,Low income--cant afford more children,Do you think it should be possible for a pregnant woman to obtain a legal abortion if the family has a very low income and cannot afford any more children?,mostly comfortable sharing (2),mostly uncomfortable sharing (5),
6,ABRAPE,17,11.152,20.15,9,2.125,1188,16,7,7,3997,Pregnant as result of rape,Do you think it should be possible for a pregnant woman to obtain a legal abortion if she became pregnant as a result of rape?,I don't mind sharing (1),mostly comfortable sharing (2),
7,ABSINGLE,18,11.58896552,30.88655172,8,3.285,1182,20,6,10,3997,Not married,Do you think it should be possible for a pregnant woman to obtain a legal abortion if she is not married and does not want to marry the man?,mostly comfortable sharing (2),somewhat uncomfortable sharing (4),
8,AFRAIDOF,27,4.456923077,55.03,3,0.32,1196,4,2,3,4010,People act as if they are afraid of R,(In your day-to-day life how often have any of the following things happened to you?) People act as if they are afraid of you.,I don't mind sharing (1),I don't mind sharing (1),
9,ATTEND,37,9.054285714,45.59857143,4,-1.115,1713,0,95,8,3399,How often R attends religious services,How often do you attend religious services?,somewhat comfortable sharing (3),I don't mind sharing (1),
10,BETRLANG,55,3.997142857,45.59857143,2,-1.185,432,1,0,0,4782,Which language R speaks more fluent,Which language do you speak more fluently?,I don't mind sharing (1),I don't mind sharing (1),
11,BIBLE,56,7.57,40.76857143,6,-0.38,1792,7,3,14,3399,Feelings about the bible,Which one of these statements comes closest to describing your feelings about the Bible?,I don't mind sharing (1),mostly comfortable sharing (2),
12,CAPPUN,69,8.541538462,33.10692308,6,-0.395,1761,40,10,12,3392,Favor or oppose death penalty for murder,Do you favor or oppose the death penalty for persons convicted of murder?,somewhat comfortable sharing (3),mostly comfortable sharing (2),
13,CHILDS,74,6.277,47.775,4.5,0.3125,1813,4,0,4,3394,Number of children,How many children have you ever had? Please count all that were born alive at any time (including any you had from a previous marriage).,I don't mind sharing (1),I don't mind sharing (1),
14,CHLDIDEL,75,5.993333333,53.65,4,-0.225,1161,0,15,4,4035,Ideal number of children,What do you think is the ideal number of children for a family to have?,I don't mind sharing (1),mostly comfortable sharing (2),
15,CLASS,78,11.55235294,37.74588235,6,4.28,1819,2,1,1,3392,Subjective class identification,"If you were asked to use one of four names for your social class, which would you say you belong in: the lower class, the working class, the middle class, or the upper class?",somewhat uncomfortable sharing (4),mostly comfortable sharing (2),
16,COLATH,101,7.566666667,47.31666667,4,-0.225,1192,16,1,9,3997,Allow anti-religionist to teach,"Should such a person be allowed to teach in a college or university, or not? ",somewhat uncomfortable sharing (4),I don't mind sharing (1),
17,COLCOM,102,2.375769231,59.515,2,-1.0775,584,12,4,6,4609,Should communist teacher be fired," Suppose he is teaching in a college. Should he be fired, or not? ",somewhat uncomfortable sharing (4),I don't mind sharing (1),
18,COLHOMO,104,7.566666667,47.31666667,4,-0.225,1198,7,5,8,3997,Allow homosexual to teach,"Should such a person be allowed to teach in a college or university, or not? ",somewhat uncomfortable sharing (4),I don't mind sharing (1),
19,COLMIL,105,7.566666667,47.31666667,4,-0.225,1194,12,2,10,3997,Allow militarist to teach,"Should such a person be allowed to teach in a college or university, or not? ",somewhat uncomfortable sharing (4),I don't mind sharing (1),
20,COLMSLM,106,7.566666667,47.31666667,4,-0.225,1201,8,1,8,3997,Allow anti-American muslim clergymen teaching in college,"Should such a person be allowed to teach in a college or university, or not? ",somewhat uncomfortable sharing (4),somewhat uncomfortable sharing (4),
21,COLRAC,107,7.566666667,47.31666667,4,-0.225,1193,14,3,8,3997,Allow racist to teach," Should such a person be allowed to teach in a college or university, or not? ",somewhat uncomfortable sharing (4),somewhat uncomfortable sharing (4),
22,COMPUSE,114,9.0875,35.1475,5,0.26,1168,0,9,3,4035,R use computer,"Do you personally ever use a computer at home, at work, or at some other location?",I don't mind sharing (1),I don't mind sharing (1),
23,COURTS,151,9.209473684,30.89,6,0.875,1707,66,3,47,3392,Courts dealing with criminals,"In general, do you think the courts in your area deal too harshly or not harshly enough with criminals?",I don't mind sharing (1),I don't mind sharing (1),
24,DENOM,176,10.74,32.02714286,3,-1.115,1823,0,0,0,3392,Specific denomination,"What specific denomination is that, if any?",mostly comfortable sharing (2),I don't mind sharing (1),
25,DISCAFF,185,9.349090909,40.18363636,7,4,1187,19,4,8,3997,Whites hurt by aff. action,"What do you think the chances are these days that a White person won't get a job or promotion while an equally or less qualified Black person gets one instead? Is this very likely, somewhat likely, or not very likely to happen these days?",mostly uncomfortable sharing (5),somewhat uncomfortable sharing (4),
26,DISCAFFM,186,9.673292683,33.6354878,7,3.7275,594,2,1,2,4616,A man won't get a job or promotion,"What do you think the chances are these days that a man won't get a job or promotion while an equally or less qualified woman gets one instead. Is this very likely, somewhat likely, somewhat unlikely, or very unlikely these days?",somewhat uncomfortable sharing (4),somewhat uncomfortable sharing (4),
27,DISCAFFW,187,9.673292683,33.6354878,7,3.7275,574,6,0,1,4634,A woman won't get a job or promotion,"What do you think the chances are these days that a woman won't get a job or promotion while an equally or less qualified man gets one instead. Is this very likely, somewhat likely, somewhat unlikely, or very unlikely these days?",somewhat uncomfortable sharing (4),somewhat uncomfortable sharing (4),
28,DISRSPCT,188,6.305714286,47.55428571,4.5,0.74,1196,1,3,5,4010,R is treated with less courtesy or respect than others,In your day-to-day life how often have any of the following things happened to you? You are treated with less courtesy or respect than other people.,I don't mind sharing (1),I don't mind sharing (1),
29,DIVLAW,189,7.6125,35.1475,5,0.1,1119,33,4,24,4035,Divorce laws,Should divorce in this country be easier or more difficult to obtain than it is now?,mostly comfortable sharing (2),I don't mind sharing (1),
30,DIVORCE,190,9.655,34.73,4,-1.02,1021,0,1,2,4191,Ever been divorced or separated,Have you ever been divorced or legally separated?,I don't mind sharing (1),I don't mind sharing (1),
31,DWELOWN,196,5.993333333,47.31666667,3,-0.075,1169,0,2,4,4040,Does R own or rent home?,"Currently, do you (or does your family) own your home, pay rent, or something else?",I don't mind sharing (1),I don't mind sharing (1),
32,EMAILHR,203,9.830526316,35.89,7,0.685,1001,4,9,94,4107,Email hours per week,About how many minutes or hours per week do you spend sending and answering electronic mail or e-mail?,I don't mind sharing (1),I don't mind sharing (1),
33,EMAILMIN,204,9.830526316,35.89,7,0.685,552,4,9,543,4107,Email minutes per week,About how many minutes or hours per week do you spend sending and answering electronic mail or e-mail?,I don't mind sharing (1),I don't mind sharing (1),
34,EVWORK,223,1.29,57.1,1,-1,705,0,0,2,4508,Ever work as long as one year,Did you ever work for as long as one year?,I don't mind sharing (1),I don't mind sharing (1),
35,FEAR,241,8.544545455,40.18363636,6,1.14,1213,2,0,3,3997,Afraid to walk at night in neighborhood,"Is there any area around your home--that is, within a mile--where you would be afraid to walk alone at night?",I don't mind sharing (1),mostly comfortable sharing (2),
36,FECHLD,242,10.15363636,35.86545455,7,1.36,1179,1,0,0,4035,Mother working doesn't hurt children,A working mother can establish just as warm and secure a relationship with her children as a mother who does not work.,mostly comfortable sharing (2),mostly comfortable sharing (2),
37,FEFAM,246,10.88846154,38.75230769,7,2.66,1177,2,0,1,4035,"Better for man to work, woman tend home",It is much better for everyone involved if the man is the achiever outside the home and the woman takes care of the home and family.,I don't mind sharing (1),I don't mind sharing (1),
38,FEHIRE,247,13.07333333,15.65,9,0.075,579,1,0,1,4634,Should hire and promote women,"Because of past discrimination, employers should make special efforts to hire and promote qualified women.",I don't mind sharing (1),somewhat uncomfortable sharing (4),
39,FEPOL,249,8.756666667,39.88666667,5,-0.54,1160,16,0,4,4035,Women not suited for politics,Most men are better suited emotionally for politics than are most women.,somewhat comfortable sharing (3),mostly comfortable sharing (2),
40,FEPRESCH,250,4.910769231,47.72230769,4,-0.655,1173,6,1,0,4035,Preschool kids suffer if mother works,A preschool child is likely to suffer if his or her mother works.,somewhat uncomfortable sharing (4),mostly comfortable sharing (2),
41,FINALTER,251,9.32,40.7,6,0.9,1820,0,1,2,3392,Change in financial situation,"During the last few years, has your financial situation been getting better, getting worse, or has it stayed the same?",mostly comfortable sharing (2),mostly comfortable sharing (2),
42,FINRELA,252,12.13785714,35.63928571,8,3.3125,1813,4,2,4,3392,Opinion of family income,"Compared with American families in general, would you say your family income is--far below average, below average, average, above average, or far above average? If you are uncertain, just give us your best guess.",somewhat uncomfortable sharing (4),I don't mind sharing (1),
43,GETAHEAD,281,6.50625,52.96,4.5,1.38,1209,3,1,4,3998,Opinion of how people get ahead,Some people say that people get ahead by their own hard work; others say that lucky breaks or help from other people are more important. Which do you think is most important?,I don't mind sharing (1),I don't mind sharing (1),
44,GUNLAW,294,10.208,31.55,8,1.875,1201,10,1,6,3997,Favor or oppose gun permits,Would you favor or oppose a law which would require a person to obtain a police permit before he or she could buy a gun?,somewhat comfortable sharing (3),I don't mind sharing (1),
45,HAPCOHAB,296,11.22636364,44.50181818,9,1.36,149,1,1,1,5063,Happiness of relt with partner,"Taking things all together, would you say that your relationship with your partner is very happy, pretty happy, or not too happy?",somewhat uncomfortable sharing (4),somewhat uncomfortable sharing (4),
46,HAPMAR,297,6.277,55.375,5,0.1875,869,0,3,1,4342,Happiness of marriage,"Taking things all together, how would you describe your marriage? Would you say that your marriage is very happy, pretty happy, or not too happy?",somewhat uncomfortable sharing (4),somewhat uncomfortable sharing (4),
47,HAPPY,298,9.980769231,38.75230769,7,2.14,1817,3,0,2,3393,General happiness,"Taken all together, how would you say things are these days—would you say that you are very happy, pretty happy, or not too happy?",somewhat uncomfortable sharing (4),somewhat comfortable sharing (3),
48,HEALTH,301,5.041428571,47.55428571,2,-0.24,1217,0,0,1,3997,Condition of health,"Would you say your own health, in general, is excellent, good, fair, or poor?",somewhat uncomfortable sharing (4),mostly comfortable sharing (2),
49,HOMOSEX,338,12.40275862,30.88655172,10,3.285,1175,16,8,17,3999,Homosexual sex relations,"What about sexual relations between two adults of the same sex-- do you think it is always wrong, almost always wrong, wrong only sometimes, or not wrong at all?",somewhat uncomfortable sharing (4),somewhat uncomfortable sharing (4),
50,HRS1,344,2.645454545,56.41,2,-0.895,945,1,9,3,4257,Number of hours worked last week,"How many hours did you work last week, at all jobs?",I don't mind sharing (1),I don't mind sharing (1),
51,HRS2,345,5.806666667,47.80333333,3,-0.66,32,0,8,2,5173,Number of hours usually work a week,"How many hours a week do you usually work, at all jobs?",I don't mind sharing (1),I don't mind sharing (1),
52,HUNT,355,5.863636364,39.13727273,4,-0.785,1218,0,0,0,3997,Does R or spouse hunt,And now a question on a different topic. {spfill} go hunting?,I don't mind sharing (1),I don't mind sharing (1),Note: there was perhaps more to this question.
53,IF16WHO,365,4.823333333,47.80333333,3,-0.66,392,4,66,3,4750,WHO YOU WOULD HAVE VOTED FOR,"Who would you have voted for, for President, if you had voted?",somewhat uncomfortable sharing (4),mostly uncomfortable sharing (5),
54,INCOM16,370,19.1,23.32666667,17,8.22,1823,0,0,0,3392,R's family income when 16 yrs old,"Thinking about the time when you were 16 years old, compared with American families in general then, would you say your family income was -- far below average, below average, average, above average, or far above average?",somewhat uncomfortable sharing (4),mostly uncomfortable sharing (5),
55,INCOME16,372,19.96538462,-8.747692308,18,3.96,1656,141,0,25,3393,Total family income,"Your total income includes interest or dividends, rent, Social Security, other pensions, alimony or child support, unemployment compensation, public aid (welfare), armed forces or veteran's allotment.",somewhat uncomfortable sharing (4),mostly uncomfortable sharing (5),
56,INTLBLKS,387,8.412857143,27.19714286,3,-0.24,1159,9,0,10,4037,Unintelligent - intelligent,(Do people in this group tend to be unintelligent or tend to be intelligent?),somewhat uncomfortable sharing (4),somewhat uncomfortable sharing (4),
57,INTLHSPS,388,8.412857143,27.19714286,3,-0.24,1823,0,0,0,3392,Unintelligent - intelligent,(Do people in these groups tend to be unintelligent or tend to be intelligent?),somewhat uncomfortable sharing (4),somewhat uncomfortable sharing (4),
58,INTLWHTS,389,2.47,38.1,1,-0.9,1158,7,1,12,4037,Unintelligent -intelligent,Where would you rate Whites in general on this scale?,somewhat uncomfortable sharing (4),somewhat uncomfortable sharing (4),
59,JOBFIND,406,9.209473684,38.39,6,2.87,629,2,9,2,4573,Could R find equally good job,"About how easy would it be for you to find a job with another employer with approximately the same income and fringe benefits you now have? Would you say very easy, somewhat easy, or not easy at all?",I don't mind sharing (1),mostly comfortable sharing (2),
60,JOBLOSE,408,12.89428571,37.13571429,9,4.625,630,1,9,2,4573,Is R likely to lose job,"Thinking about the next 12 months, how likely do you think it is that you will lose your job or be laid off--very likely, fairly likely, not too likely, or not at all likely?",mostly comfortable sharing (2),mostly comfortable sharing (2),
61,LETDIE1,433,13.85555556,25.96555556,10,5.34,590,5,2,2,4616,Allow incurable patients to die,"When a person has a disease that cannot be cured, do you think doctors should be allowed by law to end the patient's life by some painless means if the patient and his family request it?",mostly uncomfortable sharing (5),mostly comfortable sharing (2),
62,LETIN1A,434,8.756666667,39.88666667,4,-0.42,1151,13,2,12,4037,Number of immigrants nowadays should be,Do you think the number of immigrants to America nowadays should be...,somewhat comfortable sharing (3),mostly comfortable sharing (2),
63,LIBATH,435,14.95875,33.01375,11,5.22,602,3,0,1,4609,Allow anti-religious book in library,"If some people in your community suggested that a book he wrote against churches and religion should be taken out of your public library, would you favor removing this book, or not?",somewhat uncomfortable sharing (4),I don't mind sharing (1),
64,LIBCOM,436,6.936363636,47.77363636,3.666666667,0.975,592,6,2,6,4609,Allow communists book in library,"communist - Suppose he wrote a book which is in your public library. Somebody in your community suggests that the book should be removed from the library. Would you favor removing it, or not?",somewhat uncomfortable sharing (4),I don't mind sharing (1),
65,LIBHOMO,437,15.77666667,33.8,10,4.5,598,2,3,3,4609,Allow homosexuals book in library," If somebody in your community suggests that a book he wrote in favor of homosexuality should be taken out of your public library, would you favor removing it, or not?",somewhat uncomfortable sharing (4),I don't mind sharing (1),
66,LIBMIL,438,9.223684211,42.76,5.333333333,1.793333333,596,2,1,7,4609,Allow militarists book in library," Suppose he wrote a book advocating doing away with elections and letting the military run the country.
Somebody in your community suggests that the book be removed from the public library. Would you favor removing it, or not?",somewhat uncomfortable sharing (4),mostly comfortable sharing (2),
67,LIBMSLM,439,15.59142857,28.99285714,11,6.375,594,5,1,6,4609,Allow anti-American muslim clergymen's books in library,"If some people in your community suggested that a book he wrote which preaches hatred of the United States should be taken out of your public library, would you favor removing this book, or not?",somewhat uncomfortable sharing (4),mostly comfortable sharing (2),
68,LIBRAC,440,14.80121212,32.59363636,9,5.595,595,3,2,6,4609,Allow racists book in library,"If some people in your community suggested that a book he wrote which said Blacks are inferior should be taken out of your public library, would you favor removing this book, or not?",somewhat uncomfortable sharing (4),mostly comfortable sharing (2),
69,LIFE,441,6.936363636,47.77363636,4,-0.675,1215,1,0,1,3998,Is life exciting or dull,"In general, do you find life exciting, pretty routine, or dull?",I don't mind sharing (1),I don't mind sharing (1),
70,LIVEBLKS,444,11.37692308,31.51153846,9,7.491666667,1164,6,1,7,4037,Neighborhood half black,"Now we are going to ask you about different types of contact with various groups of people. For the following situation, please indicate whether you would be very much in favor of it happening, somewhat in favor, neither in favor nor opposed to it happening, somewhat opposed, or very much opposed to it happening. Living in a neighborhood where half of your neighbors are Blacks?",somewhat uncomfortable sharing (4),I don't mind sharing (1),
71,LOCALNUM,446,8.098181818,38.76636364,4.333333333,2.753333333,927,50,17,4,4217,Number of employees: R's work site,"About how many people work at the location where you work? Count part-time as well as full-time employees in all areas, departments, and buildings. If the location where you work is temporarily closed, please tell us how many people usually work there.",I don't mind sharing (1),I don't mind sharing (1),
72,LONELY1,447,5.4,17.335,2,-0.06,1775,1,3,5,3431,How often in the past 4 weeks R has felt they lack companionship,How often in the past 4 weeks have you felt that…You lack companionship?,somewhat comfortable sharing (3),somewhat uncomfortable sharing (4),
73,LONELY2,448,6.507777778,25.19111111,3,0.3,1779,0,3,2,3431,How often in the past 4 weeks R has felt isolated from others,(How often in the past 4 weeks have you felt that…) You are isolated from others?,somewhat comfortable sharing (3),somewhat uncomfortable sharing (4),
74,MARAsian,476,11.22727273,39.13727273,7,-0.675,1164,4,1,9,4037,Close relative marry Asian,What about having a close relative marry an Asian American person?,somewhat comfortable sharing (3),I don't mind sharing (1),
75,MARBLK,477,7.19,47.6,5,-0.9,1170,3,0,5,4037,Close relative marry black,What about having a close relative marry a Black person?,somewhat comfortable sharing (3),I don't mind sharing (1),
76,MARHISP,480,10.72333333,31.97,7,-0.42,1161,3,1,13,4037,Close relative marry Hispanic,What about having a close relative marry a Hispanic or Latino person?,somewhat comfortable sharing (3),I don't mind sharing (1),
77,MARHOMO,481,10.20888889,36.67888889,4,-0.915,1201,6,3,6,3999,Homosexuals should have right to marry,Homosexual couples have the right to marry one another.,somewhat comfortable sharing (3),somewhat comfortable sharing (3),
78,MARITAL,482,10.35692308,33.10692308,7,-0.395,1818,2,1,2,3392,Marital status,"Are you currently--married, widowed, divorced, separated, or have you never been married?",I don't mind sharing (1),I don't mind sharing (1),
79,MARWHT,484,10.76210526,35.89,9.5,2.87,1168,6,0,4,4037,R favor close relative marrying white person,"What about having a close relative marry a White person? Would you be very in favor of it happening, somewhat in favor, neither in favor nor opposed to it happening, somewhat opposed, or very opposed to it happening?",somewhat uncomfortable sharing (4),mostly comfortable sharing (2),
80,MEOVRWRK,503,7.773333333,47.80333333,5,-0.54,1176,2,1,1,4035,Men hurt family when focus on work too much,Family life often suffers because men concentrate too much on their work.,somewhat uncomfortable sharing (4),mostly comfortable sharing (2),
81,NATAID,547,5.993333333,47.31666667,5,-0.375,875,20,1,8,4311,Foreign aid,"Foreign aid... are we spending too much, too little, or about the right amount on",somewhat comfortable sharing (3),I don't mind sharing (1),
82,NATAIDY,548,8.392941176,46.68176471,7,0.115,906,5,1,7,4296,Assistance to other countries:Ver Y,"... are we spending too much, too little, or about the right amount on Assistance to other countries?",somewhat comfortable sharing (3),mostly comfortable sharing (2),
83,NATARMS,549,9.785555556,41.02444444,7,0.48,894,6,0,4,4311,"Military, armaments, and defense","... are we spending too much, too little, or about the right amount on The military, armaments and defense?",somewhat comfortable sharing (3),I don't mind sharing (1),
84,NATARMSY,550,7.566666667,47.31666667,6,-0.225,913,3,0,3,4296,National defense:Version Y,"... are we spending too much, too little, or about the right amount on National defense?",somewhat comfortable sharing (3),I don't mind sharing (1),
85,NATCHLD,551,7.6125,41.085,6,-0.06,1773,30,1,19,3392,Assistance for childcare,"... are we spending too much, too little, or about the right amount on Assistance for childcare?",somewhat comfortable sharing (3),mostly comfortable sharing (2),
86,NATCITY,552,8.14,40.7,7,0.5,880,18,0,6,4311,Solving problems of big cities,"... are we spending too much, too little, or about the right amount on Solving the problems of the big cities?",I don't mind sharing (1),mostly comfortable sharing (2),
87,NATCITYY,553,7.698823529,46.68176471,6,0.115,883,30,0,6,4296,Assistance to big cities:Version Y,"... are we spending too much, too little, or about the right amount on Assistance to big cities?",somewhat comfortable sharing (3),mostly comfortable sharing (2),
88,NATCRIME,554,7.163333333,46.30222222,6,0.12,891,8,0,5,4311,Halting rising crime rate,"... are we spending too much, too little, or about the right amount on Halting the rising crime rate?",mostly comfortable sharing (2),I don't mind sharing (1),
89,NATCRIMY,555,6.78,47.31666667,5,-0.225,908,3,2,6,4296,Law enforcement:Version Y,"... are we spending too much, too little, or about the right amount on Law enforcement?",somewhat uncomfortable sharing (4),I don't mind sharing (1),
90,NATDRUG,556,7.698823529,41.09352941,6,0.115,896,5,0,3,4311,Dealing with drug addiction,"... are we spending too much, too little, or about the right amount on Dealing with drug addiction?",somewhat comfortable sharing (3),mostly comfortable sharing (2),
91,NATDRUGY,557,9.14,40.98333333,5,-0.225,897,13,3,6,4296,Drug rehabilitation:Version Y,"... are we spending too much, too little, or about the right amount on Drug rehabilitation?",somewhat comfortable sharing (3),mostly comfortable sharing (2),
92,NATEDUC,558,10.44111111,35.74666667,8,0.48,900,1,0,3,4311,Improving nations education system,"... are we spending too much, too little, or about the right amount on Improving the nation's education system?",mostly comfortable sharing (2),I don't mind sharing (1),
93,NATEDUCY,559,7.57,47.55428571,5,-0.38,913,4,0,2,4296,Education:Version Y,"... are we spending too much, too little, or about the right amount on Education?",mostly comfortable sharing (2),I don't mind sharing (1),
94,NATENRGY,560,11.86352941,29.91705882,8,0.455,1797,17,1,8,3392,Developing alternative energy sources,"... are we spending too much, too little, or about the right amount on Developing alternative energy sources?",somewhat comfortable sharing (3),I don't mind sharing (1),
95,NATENVIR,561,10.44111111,46.30222222,7,0.66,896,6,0,2,4311,Improving & protecting environment,"... are we spending too much, too little, or about the right amount on Improving and protecting the environment?",somewhat comfortable sharing (3),mostly comfortable sharing (2),
96,NATENVIY,562,7.566666667,47.31666667,5,-0.225,911,5,1,2,4296,The environment:Version Y,"... are we spending too much, too little, or about the right amount on The environment?",somewhat comfortable sharing (3),mostly comfortable sharing (2),
97,NATFARE,563,5.884285714,47.55428571,5,-0.52,891,8,1,4,4311,Welfare,"... are we spending too much, too little, or about the right amount on Welfare?",somewhat uncomfortable sharing (4),somewhat comfortable sharing (3),
98,NATFAREY,564,7.004705882,46.68176471,5,0.115,912,1,0,6,4296,Assistance to the poor:Version Y,"... are we spending too much, too little, or about the right amount on Assistance for the poor?",somewhat uncomfortable sharing (4),somewhat comfortable sharing (3),
99,NATHEAL,565,9.209473684,45.89,7,0.685,885,6,0,13,4311,Improving & protecting nations health,"... are we spending too much, too little, or about the right amount on Improving and protecting the nation's health?",somewhat comfortable sharing (3),I don't mind sharing (1),
100,NATHEALY,566,5.041428571,54.34,4,-0.52,910,4,0,5,4296,Health:Version Y,"... are we spending too much, too little, or about the right amount on Health?",somewhat comfortable sharing (3),mostly comfortable sharing (2),
101,NATMASS,568,7.566666667,40.98333333,5,-0.225,1788,24,0,11,3392,Mass transportation,"... are we spending too much, too little, or about the right amount on Mass transportation?",I don't mind sharing (1),I don't mind sharing (1),
102,NATPARK,571,7.6125,47.0225,5,-0.06,1804,11,1,7,3392,Parks and recreation,"... are we spending too much, too little, or about the right amount on Parks and recreation?",I don't mind sharing (1),I don't mind sharing (1),
103,NATRACE,572,8.474444444,46.30222222,6,0.48,883,8,4,9,4311,Improving the conditions of blacks,"... are we spending too much, too little, or about the right amount on Improving the conditions of Blacks?",somewhat uncomfortable sharing (4),somewhat uncomfortable sharing (4),
104,NATRACEY,573,6.875,47.0225,5,-0.06,896,12,3,8,4296,Assistance to blacks:Version Y,"... are we spending too much, too little, or about the right amount on Assistance to Blacks?",somewhat comfortable sharing (3),somewhat uncomfortable sharing (4),
105,NATSCI,577,9.825,35.1475,7,0.1,1794,20,0,9,3392,Supporting scientific research,"... are we spending too much, too little, or about the right amount on Supporting scientific research?",I don't mind sharing (1),somewhat comfortable sharing (3),
106,NATSOC,578,8.353333333,40.98333333,6,-0.225,1800,12,0,11,3392,Social security,"... are we spending too much, too little, or about the right amount on Social Security?",somewhat uncomfortable sharing (4),somewhat comfortable sharing (3),
107,NATSPAC,579,8.392941176,41.09352941,6,0.115,883,18,0,3,4311,Space exploration program,"... are we spending too much, too little, or about the right amount on The space exploration program?",somewhat comfortable sharing (3),I don't mind sharing (1),
108,NATSPACY,580,7.566666667,47.31666667,5,-0.225,896,21,0,2,4296,Space exploration:Version Y,"... are we spending too much, too little, or about the right amount on Space exploration?",somewhat comfortable sharing (3),I don't mind sharing (1),
109,NEWS,586,8.52,47.44,4,1.86,1179,0,0,0,4036,How often Does R read newspaper,"How often do you read the newspaper--every day, a few times a week, once a week, less than once a week, or never?",I don't mind sharing (1),I don't mind sharing (1),
110,NOTSMART,590,4.097222222,54.685,2.5,0.4575,1191,7,3,4,4010,People act as if they think R is not smart,(In your day-to-day life how often have any of the following things happened to you?) People act as if they think you are not smart.,mostly comfortable sharing (2),mostly comfortable sharing (2),
111,OTHLANG,621,4.790909091,30.50090909,4,-0.895,1809,0,11,3,3392,Can R speak language other than English/Spanish,Can you speak a language other than {response to QUEXLANG:b;L}?,I don't mind sharing (1),I don't mind sharing (1),Check this question and perhaps edit.
112,OWNGUN,629,4.823333333,47.80333333,3,-0.66,1195,0,0,23,3997,Have gun in home,Do you happen to have in your home any guns or revolvers?,I don't mind sharing (1),somewhat uncomfortable sharing (4),
113,PILLOK,674,15.69625,15.20125,14,4.9,1163,9,0,7,4036,Birth control to teenagers 14-16,"Do you strongly agree, agree, disagree, or strongly disagree that methods of birth control should be available to teenagers between the ages of 14 and 16 if their parents do not approve?",mostly uncomfortable sharing (5),somewhat uncomfortable sharing (4),
114,PISTOL,675,3.755,34.73,3,-1.18,1198,18,2,0,3997,Pistol or revolver in home,"Is it a pistol, shotgun, rifle, or what?",I don't mind sharing (1),mostly comfortable sharing (2),
115,POLVIEWS,682,8.138,25.9,4,3.833333333,1784,16,7,12,3396,Think of self as liberal or conservative,We hear a lot of talk these days about liberals and conservatives. Here is a seven-point scale on which the political views that people might hold are arranged from extremely liberal—point 1—to extremely conservative—point 7. Where would you place yourself on this scale?,somewhat uncomfortable sharing (4),none of your business (6),
116,POORSERV,683,6.727142857,50.94714286,5,0.74,1189,7,2,7,4010,R recieves poorer service in restaurants or stores,(In your day-to-day life how often have any of the following things happened to you?) You receive poorer service than other people at restaurants or stores.,mostly comfortable sharing (2),I don't mind sharing (1),
117,POPESPKS,684,9.0875,29.21,6,0.1,390,2,3,1,4819,Pope is infallible on matteR's of faith or morals,"Under certain conditions, the pope is infallible when he speaks on matters of faith and morals.",somewhat comfortable sharing (3),somewhat uncomfortable sharing (4),
118,POSTLIFE,689,6.78,47.31666667,5,-0.225,1740,57,3,16,3399,Belief in life after death,Now turning to a different topic: Do you believe there is a life after death?,somewhat comfortable sharing (3),I don't mind sharing (1),
119,PRAY,690,2.483333333,59.86,2,-1.32,1806,1,10,6,3392,How often Does R pray,About how often do you pray?,mostly comfortable sharing (2),mostly uncomfortable sharing (5),
120,PRAYER,691,8.895238095,33.67666667,6,3.75,1168,7,0,5,4035,Bible prayer in public schools,The United States Supreme Court has ruled that no state or local government may require the reading of the Lord's Prayer or Bible verses in public schools. What are your views on this--do you approve or disapprove of the court ruling?,somewhat uncomfortable sharing (4),mostly comfortable sharing (2),
121,PREMARSX,693,10.24083333,33.58583333,8,4.98,1170,6,1,2,4036,Sex before marriage,"There's been a lot of discussion about the way morals and attitudes about sex are changing in this country. If a man and a woman have sex relations before marriage, do you think it is always wrong, almost always wrong, wrong only sometimes, or not wrong at all?",somewhat comfortable sharing (3),mostly comfortable sharing (2),
122,PRES16,695,4.964444444,15.56777778,3,-1.005,1259,43,77,12,3824,VOTE CLINTON OR TRUMP,Did you vote for Hillary Clinton or Donald Trump?,somewhat uncomfortable sharing (4),none of your business (6),
123,RACDIF1,706,7.6,41.55,1.5,-1.15,1151,17,1,10,4036,Differences due to discrimination,Do you think these differences are...Mainly due to discrimination?,somewhat uncomfortable sharing (4),somewhat uncomfortable sharing (4),
124,RACDIF2,707,4.4925,52.5425,1.5,-0.7,1165,6,0,7,4037,Differences due to in-born learning ability,Do you think these differences are...Because most Blacks have less in-born ability to learn?,somewhat uncomfortable sharing (4),somewhat uncomfortable sharing (4),
125,RACDIF3,708,5.312391304,47.80413043,2,0.1675,1154,17,1,6,4037,Differences due to lack of education,"Do you think these differences are...Because most Blacks don't have the chance for education that it takes to rise out of poverty?
",somewhat uncomfortable sharing (4),somewhat comfortable sharing (3),
126,RACDIF4,709,6.282407407,30.05537037,3,0.7275,1152,16,2,8,4037,Differences due to lack of will,Do you think these differences are...Because most Blacks just don’t have the motivation or will power to pull themselves up out of poverty?,somewhat uncomfortable sharing (4),somewhat comfortable sharing (3),
127,RACLIVE,714,8.009090909,39.13727273,5,-0.675,1686,130,2,4,3393,Any opp. race in neighborhood,Are there any {response to racefill} living in your neighborhood now?,I don't mind sharing (1),mostly comfortable sharing (2),
128,RACOPEN,715,7.655,42.34388889,5,6.06,601,1,2,2,4609,Vote on open housing law,"Suppose there is a community-wide vote on the general housing issue. There are two possible laws to vote on: One law says that a homeowner can decide for himself whom to sell his house to, even if he prefers not to sell to {response to racefill}. The second law says that a homeowner cannot refuse to sell to someone because of their race or color. Which law would you vote for?",mostly uncomfortable sharing (5),I don't mind sharing (1),
129,RACWORK,716,6.647619048,49.51,4,0.705,621,20,14,7,4553,Racial makeup of workplace,"Are the people who work where you work all White, mostly White, about half and half, mostly Black, or all Black?",I don't mind sharing (1),somewhat uncomfortable sharing (4),
130,RANK,719,4.003076923,45.28641026,2.333333333,1.165,1763,18,6,28,3400,R's self ranking of social position,In our society there are groups which tend to be towards the top and those that are towards the bottom. Here we have a scale that runs from top to bottom. Where would you put yourself on this scale?,somewhat uncomfortable sharing (4),somewhat uncomfortable sharing (4),
131,REBORN,724,11.18206897,34.16241379,6,3.285,1777,15,15,16,3392,Has R ever had a 'born again' experience,"Would you say you have been 'born again' or have had a 'born-again' experience, that is, a turning point in your life when you committed yourself to Christ?",somewhat uncomfortable sharing (4),mostly comfortable sharing (2),
132,RELACTIV,727,11.76272727,35.86545455,7,1.58,1798,5,9,11,3392,How often does R take part in relig activities,How often do you take part in the activities and organizations of a church or place of worship other than attending service?,mostly comfortable sharing (2),mostly comfortable sharing (2),
133,RELIG,769,7.6,22.55,2,-1.275,1823,0,0,0,3392,R's religious preference,What is your religious preference?,mostly comfortable sharing (2),mostly comfortable sharing (2),
134,RELITEN,774,8.392941176,29.91705882,6,0.285,1823,0,0,0,3392,Strength of affiliation,Would you call yourself a strong {response to religfill} or not a very strong {response to religfill}?,somewhat comfortable sharing (3),mostly comfortable sharing (2),
135,RELPERSN,778,10.95586957,18.89108696,6,0.6275,1806,10,1,6,3392,R consider self a religious person,"To what extent do you consider yourself a religious person? Are you very religious, moderately religious, slightly religious, or not religious at all?",mostly comfortable sharing (2),mostly comfortable sharing (2),
136,RESPECT,797,6.305714286,47.55428571,4.5,0.74,1823,0,0,0,3392,R treated with respect at work,In your day-to-day life how often have any of the following things happened to you? You are treated with less courtesy or respect than other people.,mostly comfortable sharing (2),I don't mind sharing (1),
137,RICHWORK,803,11.34516129,36.48096774,5,3.925,715,0,19,5,4476,"If rich, continue or stop working","If you were to get enough money to live as comfortably as you would like for the rest of your life, would you continue to work or would you stop working?",I don't mind sharing (1),mostly comfortable sharing (2),
138,RIFLE,804,3.755,34.73,3,-1.18,1198,18,2,0,3997,Rifle in home,"Is it a pistol, shotgun, rifle, or what?",I don't mind sharing (1),mostly comfortable sharing (2),
139,RINCOM16,806,3.77326087,43.67369565,2.5,-0.0625,1098,70,0,16,4031,Respondents income,"In which of these groups did your earnings from your job or jobs for 2019 fall? That is, before taxes or other deductions.",mostly comfortable sharing (2),mostly comfortable sharing (2),
140,ROWNGUN,809,6.275555556,47.23444444,3,-1.005,467,0,0,2,4746,Does gun belong to R,Do any of these guns personally belong to you?,I don't mind sharing (1),I don't mind sharing (1),
141,SATFIN,820,11.49454545,33.70636364,7,5.1,1819,1,1,2,3392,Satisfaction with financial situation,"We are interested in how people are getting along financially these days. So far as you and your family are concerned, would you say that you are pretty well satisfied with your present financial situation, more or less satisfied, or not satisfied at all?",I don't mind sharing (1),mostly comfortable sharing (2),
142,SATJOB,821,14.60666667,24.25888889,9,3.765,1219,6,28,8,3954,Work satisfaction,"On the whole, how satisfied are you with the work you do -- would you say you are very satisfied, moderately satisfied, a little dissatisfied, or very dissatisfied?",I don't mind sharing (1),mostly comfortable sharing (2),
143,SAVESOUL,825,9.457142857,22.36714286,8,0.915,1802,2,9,10,3392,Tried to convince others to accept jesus,Have you ever tried to encourage someone to believe in Jesus Christ or accept Jesus Christ as his or her savior?,somewhat comfortable sharing (3),I don't mind sharing (1),
144,SEX,854,3.653333333,15.56777778,3,-1.095,1813,0,10,0,3392,Respondents sex,"What is {response to sexfill} sex, male or female?",I don't mind sharing (1),I don't mind sharing (1),
145,SEXBIRTH,855,3.65,38.1,2,-0.9,1823,0,0,0,3392,"What sex were you assigned at birth?  (For example, on your birth certificate.)",Was your sex recorded as male or female at birth?,I don't mind sharing (1),I don't mind sharing (1),
146,SEXEDUC,856,5.806666667,39.88666667,3,-0.66,1174,3,1,0,4037,Sex education in public schools,Would you be for or against sex education in the public schools?,I don't mind sharing (1),mostly comfortable sharing (2),
147,SEXNOW,858,6.275555556,36.67888889,4,-1.005,1823,0,0,0,3392,What is your current gender?,"Do you describe yourself as male, female, or transgender?",I don't mind sharing (1),I don't mind sharing (1),
148,SHOTGUN,862,3.755,34.73,3,-1.18,1198,18,2,0,3997,Shotgun in home,"Is it a pistol, shotgun, rifle, or what?",I don't mind sharing (1),I don't mind sharing (1),
149,SOCBAR,870,2.47,47.6,2,-1,1178,0,0,1,4036,Spend evening at bar,How often do you go to a bar or tavern?,I don't mind sharing (1),somewhat uncomfortable sharing (4),
150,SOCFREND,871,6.78,47.31666667,5,-0.225,1175,2,0,2,4036,Spend evening with friends,How often do you spend a social evening with friends who live outside your neighborhood?,I don't mind sharing (1),I don't mind sharing (1),
151,SOCOMMUN,872,6.78,47.31666667,5,-0.225,1176,2,1,0,4036,Spend evening with neighbor,How often do you spend a social evening with someone who lives in your neighborhood?,I don't mind sharing (1),I don't mind sharing (1),
152,SOCREL,873,6.01,38.1,4,-0.9,1175,4,0,0,4036,Spend evening with relatives,How often do you spend a social evening with relatives?,I don't mind sharing (1),I don't mind sharing (1),
153,SPANKING,877,12.87565217,31.60826087,10,2.065,1164,7,0,8,4036,Favor spanking to discipline child,"Do you strongly agree, agree, disagree, or strongly disagree that it is sometimes necessary to discipline a child with a good, hard spanking?",mostly uncomfortable sharing (5),mostly comfortable sharing (2),
154,SPDEN,880,10.74,32.02714286,3,-1.115,1823,0,0,0,3392,"Specific denomination, spouse","What specific denomination is that, if any?",I don't mind sharing (1),I don't mind sharing (1),
155,SPEVWORK,882,3.095384615,40.41461538,2,-0.655,323,0,2,3,4887,Spouse ever work as long as a year,Did your {response to _spfill1} ever work for as long as one year?,I don't mind sharing (1),I don't mind sharing (1),
156,SPJew,891,9.781176471,7.564117647,6,0.455,1823,0,0,0,3392,What sort of Jew Is R's spouse currently,"Does your {response to _spfill1} consider {response to _spfill4}self Orthodox, Conservative, Reform or none of these?",I don't mind sharing (1),I don't mind sharing (1),
157,SPKATH,892,9.082040816,43.03612245,6.333333333,3.645,601,3,0,2,4609,Allow anti-religionist to speak,"There are always some people whose ideas are considered bad or dangerous by other people. For instance, somebody who is against all churches and religion... If such a person wanted to make a speech in your community against churches and religion, should he be allowed to speak, or not?",mostly comfortable sharing (2),mostly comfortable sharing (2),
158,SPKCOM,893,5.807894737,42.76,3.333333333,1.413333333,597,3,2,4,4609,Allow communist to speak,"Now, we would like to ask you some questions about a man who admits he is a Communist. Suppose this admitted Communist wanted to make a speech in your community. Should he be allowed to speak, or not?",mostly comfortable sharing (2),mostly comfortable sharing (2),
159,SPKLANG,895,0.6257142857,59.17,1,-1.255,432,0,26,0,4757,How well Does R speak other language,How well do you speak that language ({})?,I don't mind sharing (1),I don't mind sharing (1),
160,SPKMIL,896,9.785555556,38.38555556,6.5,2.64,595,5,1,5,4609,Allow militarist to speak,"Consider a person who advocates doing away with elections and letting the military run the country. If such a person wanted to make a speech in your community, should he be allowed to speak, or not?",somewhat uncomfortable sharing (4),somewhat uncomfortable sharing (4),
161,SPKMSLM,897,9.52,30.89,6.5,3.06,597,3,2,4,4609,Allow muslim clergymen preaching hatred of the us,"Now consider a Muslim clergyman who preaches hatred of the United States. If such a person wanted to make a speech in your community preaching hatred of the United States, should he be allowed to speak, or not?",mostly comfortable sharing (2),somewhat uncomfortable sharing (4),
162,SPKRAC,898,9.785555556,35.74666667,5.5,2.64,595,4,2,5,4609,Allow racist to speak,"Or, consider a person who believes that Blacks are genetically inferior. If such a person wanted to make a speech in your community claiming that Blacks are inferior, should he be allowed to speak, or not?",mostly comfortable sharing (2),somewhat uncomfortable sharing (4),
163,SPRTPRSN,905,13.52108696,18.89108696,6,0.6275,1800,8,6,9,3392,R consider self a spiritual person,"To what extent do you consider yourself a spiritual person? Are you very spiritual, moderately spiritual, slightly spiritual, or not spiritual at all?",mostly comfortable sharing (2),I don't mind sharing (1),
164,SPWKSUP,910,10.01904762,26.89095238,5,1.545,1823,0,0,0,3392,DOES SPOUSE SUPERVISE ANYONE,"In your {response to _spfill1}'s job, does he or she supervise anyone who is directly responsible to him or her?",I don't mind sharing (1),I don't mind sharing (1),
165,SUICIDE1,920,8.008181818,40.18363636,4,1.14,1157,13,2,8,4035,Suicide if incurable disease,Do you think a person has the right to end his or her own life if this person...has an incurable disease?,none of your business (6),I don't mind sharing (1),
166,SUICIDE2,921,6.085714286,44.98619048,3,0.705,1168,8,0,4,4035,Suicide if bankrupt,Do you think a person has the right to end his or her own life if this person...has gone bankrupt?,none of your business (6),somewhat uncomfortable sharing (4),
167,SUICIDE3,922,8.52,43.48166667,4,1.86,1168,5,1,6,4035,Suicide if dishonored family,Do you think a person has the right to end his or her own life if this person...has dishonored his or her family?,none of your business (6),somewhat uncomfortable sharing (4),
168,SUICIDE4,923,8.619230769,46.06,5,1.88,1162,6,3,9,4035,Suicide if tired of living,Do you think a person has the right to end his or her own life if this person...is tired of living and ready to die?,none of your business (6),mostly comfortable sharing (2),
169,TAX,927,8.771304348,35.73869565,5,1.605,1190,16,2,8,3999,R's federal income tax,"{taxtxt} Do you consider the amount of federal income tax which you have to pay as too high, about right, or too low?",I don't mind sharing (1),I don't mind sharing (1),
170,TEENSEX,930,6.725263158,38.39,4.5,2.3,1167,3,2,7,4036,Sex before marriage:teens 14-16,"What if they are in their early teens, say 14 to 16 years old? In that case, do you think sex relations before marriage are always wrong, almost always wrong, wrong only sometimes, or not wrong at all?",none of your business (6),somewhat uncomfortable sharing (4),
171,THREATEN,934,4.254545455,47.77363636,3,-0.18,1198,3,1,3,4010,R is threatened or harassed,(In your day-to-day life how often have any of the following things happened to you?) You are threatened or harassed.,mostly comfortable sharing (2),I don't mind sharing (1),
172,USCITZN,954,2.311428571,25.24142857,1,-0.94,1810,0,0,4,3401,Is R US citizen,Now we would like to ask you about U.S. citizenship. Are you…,I don't mind sharing (1),I don't mind sharing (1),
173,USEWWW,957,5.206666667,40.98333333,3,-0.225,108,0,0,0,5107,R use www other than email,"Other than for e-mail, do you ever use the Internet or World Wide Web?",I don't mind sharing (1),I don't mind sharing (1),
174,USWARY,958,7.004705882,46.68176471,4,0.285,549,23,1,2,4640,Expect U.S. in world war in 10 years,Do you expect the United States to fight in another world war within the next ten years?,somewhat uncomfortable sharing (4),I don't mind sharing (1),
175,VOTE16,976,10.51166667,23.82712121,6.5,2.3775,1710,0,109,4,3392,REMEMBER IF VOTED IN 2016 ELECTION,"In 2016, you remember that Hillary Clinton ran for President on the Democratic ticket against Donald Trump for the Republicans. Do you remember for sure whether or not you voted in that election?",I don't mind sharing (1),I don't mind sharing (1),
176,WEBMOB,983,11.54740741,20.74037037,7,3.225,172,0,9,0,5034,R uses home internet through mobile device,"Do you have access to the Internet or World Wide Web in your home through a Internet-enabled mobile device like a smart phone, PDA, or BlackBerry?",I don't mind sharing (1),I don't mind sharing (1),
177,WIDOWED,1002,2.88,41.55,2,-1.375,1229,0,1,3,3982,Ever been widowed,Have you ever been widowed?,I don't mind sharing (1),I don't mind sharing (1),
178,WRKGOVT,1042,15.63809524,-0.2519047619,11,1.965,1743,24,1,19,3428,Govt or private employee,"{response to arewere} you employed by the federal, state, or local government or by a private employer (including non-profit organizations)?",I don't mind sharing (1),I don't mind sharing (1),
179,WRKSLFFAM,1046,5.993333333,40.98333333,4,-0.225,1823,0,0,0,3392,DOES R WORK IN FAMILY BUSINESS OR FARM,"For this job, {response to wrkslffamfill} you work in your own family business or farm?",I don't mind sharing (1),I don't mind sharing (1),
180,WRKSTAT,1047,4.198571429,49.81619048,3,1.44,1821,0,0,2,3392,Labor force status,"Last week were you working full time, part time, going to school, keeping house, or what?Please provide one response only. If you were doing more than one of these last week, select the one closest to the top of the list.",I don't mind sharing (1),I don't mind sharing (1),
181,WRKWAYUP,1050,13.70256098,19.73304878,12,4.3425,1168,8,1,1,4037,Blacks overcome prejudice without favors,"Do you agree strongly, agree somewhat, neither agree nor disagree, disagree somewhat, or disagree strongly with the following statement: Irish, Italians, Jewish and many other minorities overcame prejudice and worked their way up. Blacks should do the same without special favors.",somewhat uncomfortable sharing (4),somewhat comfortable sharing (3),
182,XMARSEX,1056,15.87393939,32.59363636,16,4.935,1204,6,1,5,3999,Sex with person other than spouse,"What is your opinion about a married person having sexual relations with someone other than the marriage partner--is it always wrong, almost always wrong, wrong only sometimes, or not wrong at all?",somewhat uncomfortable sharing (4),I don't mind sharing (1),
183,YOUSUP,1064,9.054285714,45.59857143,4,-1.115,325,2,0,0,4888,How many people do you supervise directly,How many people do you supervise directly?,I don't mind sharing (1),I don't mind sharing (1),